"clave";"es";"en";"it";"contexto";"estado"
"_admin.abrir_directo";"Abrir directo";"Open live";"Abrir directo";"home/_admin";""
"_admin.abrir_enlaces_de_esta_pagina_en";"Abrir enlaces de esta página en";"Open links on this page in";"Abrir enlaces de esta página en";"home/_admin";""
"_admin.abrir_enlaces_de_esta_pagina_en_2";"Abrir enlaces de esta página en…";"Open links on this page in…";"Abrir enlaces de esta página en…";"home/_admin";""
"_admin.accesos_rapidos";"Accesos rápidos";"Quick access";"Accesos rápidos";"home/_admin";""
"_admin.aun_no_hay_carreras";"Aún no hay carreras.";"No races yet.";"Aún no hay carreras.";"home/_admin";""
"_admin.avanzado";"Avanzado";"Advanced";"Avanzado";"home/_admin";""
"_admin.basico_solo_entreno_libre_carrera_sprint";"Básico: solo entreno libre, carrera sprint, resultados, categorías, escenarios y ajustes. Avanzado: todos los accesos.";"Basic: only free practice, sprint race, results, categories, scenarios and settings. Advanced: every shortcut.";"Básico: solo entreno libre, carrera sprint, resultados, categorías, escenarios y ajustes. Avanzado: todos los accesos.";"home/_admin";""
"_admin.bloquear";"Bloquear";"Lock";"Bloquear";"home/_admin";""
"_admin.campeonato";"Campeonato";"Championship";"Campeonato";"home/_admin";""
"_admin.carrera_en_curso";"Carrera en curso";"Race in progress";"Carrera en curso";"home/_admin";""
"_admin.carrera_en_curso_entre_mangas";"Carrera en curso · entre mangas";"Race in progress · between heats";"Carrera en curso · entre mangas";"home/_admin";""
"_admin.carrera_en_pausa";"Carrera en pausa";"Race paused";"Carrera en pausa";"home/_admin";""
"_admin.carrera_resistencia";"Carrera resistencia";"Endurance race";"Carrera resistencia";"home/_admin";""
"_admin.carrera_sprint";"Carrera sprint";"Sprint race";"Carrera sprint";"home/_admin";""
"_admin.carreras_finalizadas";"Carreras finalizadas.";"Finished races.";"Carreras finalizadas.";"home/_admin";""
"_admin.carreras_recientes";"Carreras recientes";"Recent races";"Carreras recientes";"home/_admin";""
"_admin.catalogo";"Catálogo";"Catalog";"Catálogo";"home/_admin";""
"_admin.cerrar_la_sesion_sistema_y_catalogo_volveran_a";"Cerrar la sesión: Sistema y Catálogo volverán a pedir la contraseña";"Sign out: System and Catalog will ask for the password again";"Cerrar la sesión: Sistema y Catálogo volverán a pedir la contraseña";"home/_admin";""
"_admin.competicion";"Competición";"Competition";"Competición";"home/_admin";""
"_admin.correcciones";"Correcciones";"Corrections";"Correcciones";"home/_admin";""
"_admin.crea_una_carrera_o_arranca_una_pendiente_desde";"Crea una carrera o arranca una pendiente desde la lista.";"Create a race or start a pending one from the list.";"Crea una carrera o arranca una pendiente desde la lista.";"home/_admin";""
"_admin.crear_gestionar_y_lanzar_mangas";"Crear, gestionar y lanzar mangas.";"Create, manage and run heats.";"Crear, gestionar y lanzar mangas.";"home/_admin";""
"_admin.crear_la_primera";"Crear la primera";"Create the first one";"Crear la primera";"home/_admin";""
"_admin.cronometraje";"Cronometraje";"Timing";"Cronometraje";"home/_admin";""
"_admin.directo";"Directo";"Live";"Directo";"home/_admin";""
"_admin.directo_de_la_manga";"Directo de la manga";"Heat live";"Directo de la manga";"home/_admin";""
"_admin.diseno_del_inicio";"Diseño del inicio";"Home layout";"Diseño del inicio";"home/_admin";""
"_admin.elegir_el_diseno_del_inicio";"Elegir el diseño del inicio";"Choose the home layout";"Elegir el diseño del inicio";"home/_admin";""
"_admin.en_curso";"EN CURSO";"LIVE";"EN CURSO";"home/_admin";""
"_admin.en_curso_2";"en curso";"active";"en curso";"home/_admin";""
"_admin.en_pausa";"EN PAUSA";"PAUSED";"EN PAUSA";"home/_admin";""
"_admin.en_total";"en total";"in total";"en total";"home/_admin";""
"_admin.entrar_para_usar_sistema_y_catalogo";"Entrar para usar Sistema y Catálogo";"Sign in to use System and Catalog";"Entrar para usar Sistema y Catálogo";"home/_admin";""
"_admin.equipos_con_rotacion_por_tandas";"Equipos con rotación por tandas.";"Teams rotating by heats.";"Equipos con rotación por tandas.";"home/_admin";""
"_admin.esta_ventana";"Esta ventana";"This window";"Esta ventana";"home/_admin";""
"_admin.estadisticas";"Estadísticas";"Stats";"Estadísticas";"home/_admin";""
"_admin.gestionar_carrera";"Gestionar carrera";"Manage race";"Gestionar carrera";"home/_admin";""
"_admin.individual";"individual";"individual";"individual";"home/_admin";""
"_admin.interfaz";" interfaz";" interface";" interfaz";"home/_admin";""
"_admin.ir_a_pilotos_ajustes_resultados_una_carrera";"Ir a… (pilotos, ajustes, resultados, una carrera)";"Go to… (drivers, settings, results, a race)";"Ir a… (pilotos, ajustes, resultados, una carrera)";"home/_admin";""
"_admin.ir_a_una_seccion";"Ir a una sección";"Go to a section";"Ir a una sección";"home/_admin";""
"_admin.lider_estimado";"Líder estimado";"Projected leader";"Líder estimado";"home/_admin";""
"_admin.mangas";"Mangas";"Heats";"Mangas";"home/_admin";""
"_admin.mayus_clic_abrir_aqui";"Mayús + clic = abrir aquí";"Shift + click = open here";"Mayús + clic = abrir aquí";"home/_admin";""
"_admin.nueva_carrera_corta_formato_individual";"Nueva carrera corta, formato individual.";"New short race, individual format.";"Nueva carrera corta, formato individual.";"home/_admin";""
"_admin.nueva_carrera_larga_por_equipos";"Nueva carrera larga por equipos.";"New long team race.";"Nueva carrera larga por equipos.";"home/_admin";""
"_admin.panel";"Panel";"Dashboard";"Panel";"home/_admin";""
"_admin.pantalla_tv";"Pantalla TV";"TV screen";"Pantalla TV";"home/_admin";""
"_admin.personalizar";"Personalizar";"Customize";"Personalizar";"home/_admin";""
"_admin.pide_contrasena";"Pide contraseña";"Password required";"Pide contraseña";"home/_admin";""
"_admin.pins_y_timing_del_equipo_en_el_movil";"PINs y timing del equipo en el móvil.";"PINs and team timing on the phone.";"PINs y timing del equipo en el móvil.";"home/_admin";""
"_admin.pole_en_curso";"Pole en curso";"Pole in progress";"Pole en curso";"home/_admin";""
"_admin.por_defecto";"por defecto";"default";"por defecto";"home/_admin";""
"_admin.queda";"Queda";"Remaining";"Queda";"home/_admin";""
"_admin.queda_2";"queda";"remaining";"queda";"home/_admin";""
"_admin.se_guarda_en_este_pitwall_lo_vera_igual_la_app";"Se guarda en este PitWall: lo verá igual la app de escritorio y cualquier navegador.";"Saved on this PitWall: the desktop app and every browser will show it.";"Se guarda en este PitWall: lo verá igual la app de escritorio y cualquier navegador.";"home/_admin";""
"_admin.servidor";"Servidor";"Server";"Servidor";"home/_admin";""
"_admin.sin_carrera_en_curso";"Sin carrera en curso";"No race in progress";"Sin carrera en curso";"home/_admin";""
"_admin.sistema";"Sistema";"System";"Sistema";"home/_admin";""
"_admin.solucion_de_problemas";"Solución de problemas";"Troubleshooting";"Solución de problemas";"home/_admin";""
"_admin.ventana_nueva";"Ventana nueva";"New window";"Ventana nueva";"home/_admin";""
"_admin.ventanas_abiertas";"Ventanas abiertas";"Open windows";"Ventanas abiertas";"home/_admin";""
"_admin.ver_todas_las_carreras";"Ver todas las carreras";"See all races";"Ver todas las carreras";"home/_admin";""
"_admin.vueltas_por_carril_sin_equipos";"Vueltas por carril, sin equipos.";"Laps per lane, no teams.";"Vueltas por carril, sin equipos.";"home/_admin";""
"_min-lap-field.segundos_0_sin_filtro";"segundos · 0 = sin filtro";"seconds · 0 = no filter";"segundos · 0 = sin filtro";"";""
"_min-lap-field.vuelta_minima_pt";"Vuelta mínima (Pt)";"Minimum lap (Pt)";"Vuelta mínima (Pt)";"";""
"_pole-panel.clasificacion_de_la_pole";"Clasificación de la pole";"Pole classification";"Clasificación de la pole";"";""
"actions.back";"Volver";"Back";"Volver";"";""
"actions.cancel";"Cancelar";"Cancel";"Cancelar";"";""
"actions.delete";"Eliminar";"Delete";"Eliminar";"";""
"actions.edit";"Editar";"Edit";"Editar";"";""
"actions.save";"Guardar";"Save";"Guardar";"";""
"app.tagline";"Gestión de carreras de scalextric";"Scalextric race management";"Gestión de carreras de scalextric";"";""
"app.title";"Slot Timer Pro";"Slot Timer Pro";"Slot Timer Pro";"";""
"cars.anade_tu_primer_coche_al_catalogo";"Añade tu primer coche al catálogo.";"Add your first car to the catalog.";"Añade tu primer coche al catálogo.";"cars/index";""
"cars.buscar_marca_modelo_categoria";"Buscar marca, modelo, categoría…";"Search brand, model, category…";"Buscar marca, modelo, categoría…";"cars/index";""
"cars.crear_primer_coche";"Crear primer coche";"Create first car";"Crear primer coche";"cars/index";""
"cars.eliminar_coche";"¿Eliminar coche?";"Delete car?";"¿Eliminar coche?";"cars/index";""
"cars.importar_coches_desde_csv";"Importar coches desde CSV";"Import cars from CSV";"Importar coches desde CSV";"cars/index";""
"cars.sin_coches";"Sin coches";"No cars";"Sin coches";"cars/index";""
"catalog-sync.al_dia";"Al día";"Up to date";"Al día";"";""
"catalog-sync.aplicar";"Aplicar";"Apply";"Aplicar";"";""
"catalog-sync.con_cambios";"Con cambios";"Changes";"Con cambios";"";""
"catalog-sync.del_catalogo_a_las_carreras";"Del catálogo a las carreras";"From the catalog to races";"Del catálogo a las carreras";"";""
"catalog-sync.nada_que_sincronizar";"Nada que sincronizar";"Nothing to sync";"Nada que sincronizar";"";""
"catalog-sync.no_hay_carreras_en_formato_equipos_pendientes";"No hay carreras en formato equipos pendientes de arrancar.";"No team-format races waiting to start.";"No hay carreras en formato equipos pendientes de arrancar.";"";""
"catalog-sync.pais";"país";"country";"país";"";""
"catalog-sync.sin_emparejar_nombre_distinto_se_ignoran";"Sin emparejar (nombre distinto, se ignoran): ";"Unmatched (different name, skipped): ";"Sin emparejar (nombre distinto, se ignoran): ";"";""
"catalog-sync.todo_al_dia";"Todo al día";"All up to date";"Todo al día";"";""
"categories.categorias_de_carrera";"Categorías de carrera";"Race categories";"Categorías de carrera";"categories/index";""
"categories.crea_categorias_para_agrupar_coches_por_nivel";"Crea categorías para agrupar coches por nivel.";"Create categories to group cars by level.";"Crea categorías para agrupar coches por nivel.";"categories/index";""
"categories.creada";"Creada";"Created";"Creada";"categories/index";""
"categories.crear_primera_categoria";"Crear primera categoría";"Create first category";"Crear primera categoría";"categories/index";""
"categories.eliminar_categoria";"¿Eliminar categoría?";"Delete category?";"¿Eliminar categoría?";"categories/index";""
"categories.sin_categorias";"Sin categorías";"No categories";"Sin categorías";"categories/index";""
"cert.ajustes_seguridad_cifrado_y_credenciales";"Ajustes → Seguridad → Cifrado y credenciales → Instalar un certificado → Certificado de CA.";"Settings → Security → Encryption & credentials → Install a certificate → CA certificate.";"Ajustes → Seguridad → Cifrado y credenciales → Instalar un certificado → Certificado de CA.";"cert/index";""
"cert.certificado";"Certificado";"Certificate";"Certificado";"cert/index";""
"cert.certificado_de_pitwall";"Certificado de PitWall";"PitWall certificate";"Certificado de PitWall";"cert/index";""
"cert.descarga_el_certificado_con_el_boton_de_arriba";"Descarga el certificado con el botón de arriba (usa Safari).";"Download the certificate with the button above (use Safari).";"Descarga el certificado con el botón de arriba (usa Safari).";"cert/index";""
"cert.descarga_el_certificado_con_el_boton_de_arriba_2";"Descarga el certificado con el botón de arriba.";"Download the certificate with the button above.";"Descarga el certificado con el botón de arriba.";"cert/index";""
"cert.descarga_el_certificado_y_abrelo_doble_clic";"Descarga el certificado y ábrelo (doble clic).";"Download the certificate and open it (double-click).";"Descarga el certificado y ábrelo (doble clic).";"cert/index";""
"cert.descargar_certificado_pitwall_ca_crt";"Descargar certificado (PitWall-CA.crt)";"Download certificate (PitWall-CA.crt)";"Descargar certificado (PitWall-CA.crt)";"cert/index";""
"cert.elige_el_fichero_descargado_y_acepta";"Elige el fichero descargado y acepta.";"Pick the downloaded file and accept.";"Elige el fichero descargado y acepta.";"cert/index";""
"cert.huella_sha_256";"Huella SHA-256:";"SHA-256 fingerprint:";"Huella SHA-256:";"cert/index";""
"cert.instalar_certificado_equipo_local_colocar_todos";"Instalar certificado → Equipo local → «Colocar todos los certificados en el siguiente almacén» → Entidades de certificación raíz de confianza.";"Install Certificate → Local Machine → “Place all certificates in the following store” → Trusted Root Certification Authorities.";"Instalar certificado → Equipo local → «Colocar todos los certificados en el siguiente almacén» → Entidades de certificación raíz de confianza.";"cert/index";""
"cert.la_ruta_exacta_varia_segun_la_marca_del_movil";"(La ruta exacta varía según la marca del móvil.)";"(Exact path varies by phone brand.)";"(La ruta exacta varía según la marca del móvil.)";"cert/index";""
"cert.luego_ajustes_general_informacion_ajustes_de";"Luego Ajustes → General → Información → Ajustes de certificados de confianza y activa «PitWall Local CA».";"Then Settings → General → About → Certificate Trust Settings and enable “PitWall Local CA”.";"Luego Ajustes → General → Información → Ajustes de certificados de confianza y activa «PitWall Local CA».";"cert/index";""
"cert.ve_a_ajustes_general_vpn_y_gestion_de";"Ve a Ajustes → General → VPN y gestión de dispositivos → instala el perfil «PitWall Local CA».";"Go to Settings → General → VPN & Device Management → install the “PitWall Local CA” profile.";"Ve a Ajustes → General → VPN y gestión de dispositivos → instala el perfil «PitWall Local CA».";"cert/index";""
"circuits.configuracion";"Configuración";"Configuration";"Configuración";"circuits/index";""
"circuits.eliminar_escenario";"¿Eliminar escenario?";"Delete scenario?";"¿Eliminar escenario?";"circuits/index";""
"circuits.por_categoria";"Por categoría";"Per category";"Por categoría";"circuits/index";""
"circuits.sin_escenarios";"Sin escenarios";"No scenarios";"Sin escenarios";"circuits/index";""
"circuits.vuelta_min";"Vuelta mín.";"Min lap";"Vuelta mín.";"circuits/index";""
"client.common.anadir_piloto";"Añadir piloto";"Add driver";"Añadir piloto";"drivers/index drivers/new races/new-step4 races/tanda-edit races/tanda-new teams/form";""
"client.common.asignacion_de_carriles";"Asignación de carriles";"Lane assignment";"Asignación de carriles";"races/tanda-new settings/index";""
"client.common.ausente";"Ausente";"No-show";"Ausente";"races/pole-results";""
"client.common.borrar";"Borrar";"Delete";"Borrar";"training/results-show";""
"client.common.buena";"Buena";"Good";"Buena";"races/results";""
"client.common.cancelar";"Cancelar";"Cancel";"Cancelar";"cars/form cars/import-preview categories/form circuits/form control/shifts-live drivers/edit drivers/import-preview drivers/new races/edit races/manga-edit races/pole-results teams/form teams/import-preview";""
"client.common.carril";"Carril";"Lane";"Carril";"control/race-shifts control/shifts-report link/compare live-stats/show races/lap-corrections training/results-show";""
"client.common.carriles";"carriles";"lanes";"carriles";"circuits/form races/edit races/new-step1 settings/index training/competition";""
"client.common.carriles_activos";"carriles activos";"active lanes";"carriles activos";"training/live";""
"client.common.categoria";"Categoría";"Category";"Categoría";"cars/form cars/import-preview cars/index control/race-shifts control/shifts-report drivers/edit drivers/import-preview drivers/new races/lemans races/new-step1 teams/form teams/import-preview teams/index";""
"client.common.circuito";"Circuito";"Circuit";"Circuito";"control/shifts-live races/new-step1 races/pole-lanes races/tanda-new settings/index training/competition";""
"client.common.crear_equipo";"Crear equipo";"Create team";"Crear equipo";"teams/form teams/index";""
"client.common.descanso";"Descanso";"Rest";"Descanso";"control/shifts-live races/edit races/pole-lanes";""
"client.common.disponibles";"Disponibles";"Available";"Disponibles";"races/show";""
"client.common.dotacion";"Dotación ";"Allowance ";"Dotación ";"";""
"client.common.dsc";"DSC";"REST";"DSC";"races/new-step3-sequence races/tanda-edit races/tanda-new";""
"client.common.editar";"Editar";"Edit";"Editar";"cars/index categories/index circuits/index drivers/index races/show teams/index";""
"client.common.ej_red_racers";"Ej: Red Racers";"e.g. Red Racers";"Ej: Red Racers";"teams/form";""
"client.common.eliminar";"Eliminar";"Remove";"Eliminar";"races/tanda-edit races/tanda-new settings/index";""
"client.common.en_carrera";"En carrera";"Racing";"En carrera";"races/live-panel races/live";""
"client.common.en_espera";"En espera";"Pending";"En espera";"races/live-panel races/live";""
"client.common.en_pista";"En pista";"On track";"En pista";"";""
"client.common.equipos";"equipos";"teams";"equipos";"home/_admin lap/index races/results-index";""
"client.common.erratica";"Errática";"Erratic";"Errática";"races/results";""
"client.common.error";"Error";"Error";"Error";"cars/form cars/import-preview categories/form drivers/import-preview teams/import-preview";""
"client.common.esperando_go";"Esperando GO…";"Waiting for GO…";"Esperando GO…";"training/live";""
"client.common.excelente";"Excelente";"Excellent";"Excelente";"races/results";""
"client.common.finalizada";"FINALIZADA";"FINISHED";"FINALIZADA";"races/tv";""
"client.common.finalizada_2";"Finalizada";"Finished";"Finalizada";"home/_admin races/live-panel races/live";""
"client.common.gap_v";"Gap V";"Gap L";"Gap V";"races/live-panel races/live";""
"client.common.guardar";"Guardar";"Save";"Guardar";"ecosystem/index";""
"client.common.irregular";"Irregular";"Irregular";"Irregular";"races/results";""
"client.common.juegos_equipo";"juegos/equipo";"sets/team";"juegos/equipo";"tires/race";""
"client.common.lider";"Líder";"Leader";"Líder";"home/_admin races/pole-results";""
"client.common.manga";"Manga ";"Heat ";"Manga ";"races/lap-corrections";""
"client.common.manual";"Manual";"Manual";"Manual";"control/shifts-report settings/index";""
"client.common.media";"Media";"Avg";"Media";"live-stats/show races/lap-corrections races/lemans races/live-panel races/live";""
"client.common.mejor";"Mejor";"Best";"Mejor";"live-stats/show races/lap-corrections races/lemans races/results races/tv training/results-show";""
"client.common.nombre_del_equipo";"Nombre del equipo";"Team name";"Nombre del equipo";"teams/form";""
"client.common.nombre_piloto";"Nombre piloto";"Driver name";"Nombre piloto";"teams/form";""
"client.common.nuevo_equipo";"Nuevo equipo";"New team";"Nuevo equipo";"teams/form teams/index";""
"client.common.pausada";"Pausada";"Paused";"Pausada";"races/live-panel races/live";""
"client.common.piloto";"Piloto";"Driver";"Piloto";"control/race-shifts control/shifts-live control/shifts-report live-stats/show races/results";""
"client.common.pilotos";"Pilotos";"Drivers";"Pilotos";"database/index drivers/index home/_admin link/index teams/import-preview teams/index";""
"client.common.quitar";"Quitar";"Remove";"Quitar";"races/new-step3-sequence teams/form";""
"client.common.resistencia";"Resistencia";"Endurance";"Resistencia";"races/results-index";""
"client.common.salidas";"Salidas";"Exits";"Salidas";"live-stats/show races/results";""
"client.common.simulacion";"Simulación";"Simulation";"Simulación";"home/_admin partials/footer races/show settings/index";""
"client.common.sin_conexion";"Sin conexión";"Disconnected";"Sin conexión";"home/_admin home partials/footer";""
"client.common.sin_manga";"Sin manga";"No heat";"Sin manga";"";""
"client.common.sin_senal_caja";"sin señal: caja ";"no signal: box ";"sin señal: caja ";"partials/footer";""
"client.common.todas";"Todas";"All";"Todas";"races/index races/live races/results-index races/results training/live";""
"client.common.total";"Total";"Total";"Total";"control/race-shifts live-stats/show races/live-panel races/live races/new-step1 races/tv";""
"client.common.vlt";"VLT";"LAP";"VLT";"races/live";""
"client.common.vuelta";"Vuelta";"Lap";"Vuelta";"live-stats/show";""
"client.common.vuelta_rapida";"Vuelta rápida";"Fast lap";"Vuelta rápida";"races/pole-results races/results";""
"client.common.vueltas";"Vueltas";"Laps";"Vueltas";"database/index live-stats/show races/lap-corrections races/lemans races/pole-timing races/results training/results-show";""
"client.compare.distinto";"distinto";"diff";"distinto";"";""
"client.compare.mismo";"mismo";"same";"mismo";"";""
"client.compare.tanda";"Tanda ";"Round ";"Tanda ";"";""
"client.compare.tol";"tol ";"tol ";"tol ";"";""
"client.compare.vueltas";" vueltas)";" laps)";" vueltas)";"";""
"client.competition.bajar";"Bajar";"Move down";"Bajar";"";""
"client.competition.bajar_un_carril";"Bajar un carril";"Move down one lane";"Bajar un carril";"";""
"client.competition.hay_nombres_repetidos_revisa_los_resaltados";"Hay nombres repetidos: revisa los resaltados.";"Some names are repeated: check the highlighted rows.";"Hay nombres repetidos: revisa los resaltados.";"";""
"client.competition.nombre_del_piloto_equipo";"Nombre del piloto / equipo…";"Pilot / team name…";"Nombre del piloto / equipo…";"";""
"client.competition.reserva";"Reserva";"Reserve";"Reserva";"";""
"client.competition.subir";"Subir";"Move up";"Subir";"";""
"client.competition.subir_un_carril";"Subir un carril";"Move up one lane";"Subir un carril";"";""
"client.competition.vaciar";"Vaciar";"Clear";"Vaciar";"";""
"client.competition.vaciar_todos_los_carriles";"¿Vaciar todos los carriles?";"Clear all lanes?";"¿Vaciar todos los carriles?";"";""
"client.events.tanda";"Tanda ";"Group ";"Tanda ";"";""
"client.events.todavia_no_hay_sucesos";"Todavía no hay sucesos.";"No events yet.";"Todavía no hay sucesos.";"";""
"client.form.borrar_todos_los_puntos_del_trazado";"¿Borrar todos los puntos del trazado?";"Clear all outline points?";"¿Borrar todos los puntos del trazado?";"";""
"client.form.puntos";"puntos";"points";"puntos";"";""
"client.form.quitar_la_imagen_del_circuito_el_trazado_se";"¿Quitar la imagen del circuito? (el trazado se conserva)";"Remove the circuit image? (outline is kept)";"¿Quitar la imagen del circuito? (el trazado se conserva)";"";""
"client.js.1st_lap_reclassified_as";"1st lap reclassified as";"1ª vuelta reclasificada como";"1st lap reclassified as";"";""
"client.js.avg";" avg";" media";" avg";"";""
"client.js.boxes";"BOXES";"PIT";"BOXES";"";""
"client.js.cambios_de_neumatico";"Cambios de neumático";"Tyre changes";"Cambios de neumático";"";""
"client.js.cargando";"Cargando...";"Loading...";"Cargando...";"";""
"client.js.circuit";"Circuit";"Circuito";"Circuit";"";""
"client.js.close";"Close ";"Cerrar ";"Close ";"";""
"client.js.descansando";"Descansando";"Resting";"Descansando";"";""
"client.js.heat_cancelled";"Heat cancelled";"Manga cancelada";"Heat cancelled";"";""
"client.js.heat_finished";"Heat finished";"Fin de manga";"Heat finished";"";""
"client.js.heat_recovered_after_a";"Heat recovered after a ";"Manga recuperada tras corte de ";"Heat recovered after a ";"";""
"client.js.lane";"Lane";"Carril";"Lane";"";""
"client.js.lap";"lap";"vuelta";"lap";"";""
"client.js.lap_ignored";"lap ignored";"vuelta ignorada";"lap ignored";"";""
"client.js.lider";"LÍDER";"LEADER";"LÍDER";"";""
"client.js.min";"min";"mínimo";"min";"";""
"client.js.off_track";"off-track";"salida";"off-track";"";""
"client.js.pausa";"PAUSA";"PAUSED";"PAUSA";"";""
"client.js.pausa_2";"⏸ PAUSA";"⏸ PAUSED";"⏸ PAUSA";"";""
"client.js.paused";"Paused";"Pausa";"Paused";"";""
"client.js.piloto_en_carril";"Piloto en carril";"Driver in lane";"Piloto en carril";"";""
"client.js.piloto_no_asignado_a_esta_manga";"Piloto no asignado a esta manga";"Driver not in this heat";"Piloto no asignado a esta manga";"";""
"client.js.pista";"PISTA";"TRACK";"PISTA";"";""
"client.js.qr_no_reconocido";"QR no reconocido";"Unknown QR";"QR no reconocido";"";""
"client.js.queda_1_minuto";"Queda 1 minuto";"One minute remaining";"Queda 1 minuto";"";""
"client.js.quedan_30_segundos";"Quedan 30 segundos";"30 seconds remaining";"Quedan 30 segundos";"";""
"client.js.rapidas";"Rápidas";"Fast";"Rápidas";"";""
"client.js.record_carrera";"RÉCORD CARRERA";"RACE RECORD";"RÉCORD CARRERA";"";""
"client.js.resumed";"Resumed";"Reanudado";"Resumed";"";""
"client.js.show";"Show";"Traer";"Show";"";""
"client.js.sin_piloto";"SIN PILOTO";"NO DRIVER";"SIN PILOTO";"";""
"client.js.sin_voz";"Sin voz";"No voice";"Sin voz";"";""
"client.js.sin_vueltas_registradas";"Sin vueltas registradas";"No laps yet";"Sin vueltas registradas";"";""
"client.js.solo_rapidas";"Sólo rápidas";"Fast only";"Sólo rápidas";"";""
"client.js.ultima";"Última";"Last";"Última";"";""
"client.js.vlt";"vlt";"lps";"vlt";"";""
"client.js.vuelta_rapida";"Vuelta rápida, ";"Fast lap, ";"Vuelta rápida, ";"";""
"client.js.window";"Window";"Ventana";"Window";"";""
"client.link.enlace_guardado";"✓ Enlace guardado.";"✓ Link saved.";"✓ Enlace guardado.";"";""
"client.link.guardando";"Guardando…";"Saving…";"Guardando…";"";""
"client.link.no_se_pudo_guardar";"No se pudo guardar.";"Could not save.";"No se pudo guardar.";"";""
"client.live-panel-fastest.sin_vueltas_registradas_todavia";"Sin vueltas registradas todavía";"No laps recorded yet";"Sin vueltas registradas todavía";"";""
"client.live-panel-track.circuito";"Circuito";"Track";"Circuito";"";""
"client.live-panel-track.espejo";"Espejo";"Mirror";"Espejo";"";""
"client.live-panel-track.girar_90";"Girar 90°";"Rotate 90°";"Girar 90°";"";""
"client.log.juego";"juego ";"set ";"juego ";"";""
"client.log.sin_cambios";"sin cambios";"no changes";"sin cambios";"";""
"client.log.todavia_no_hay_mangas";"Todavía no hay mangas.";"No heats yet.";"Todavía no hay mangas.";"";""
"client.pole-lanes.todos_colocados";"✓ Todos colocados";"✓ All placed";"✓ Todos colocados";"";""
"client.pole-timing.1_vuelta";"· 1 vuelta";"· 1 lap";"· 1 vuelta";"";""
"client.pole-timing.cronometrando_vuelta";"Cronometrando vuelta";"Timing lap";"Cronometrando vuelta";"";""
"client.pole-timing.en_pista";"● En pista";"● On track";"● En pista";"";""
"client.pole-timing.esperando_go_del_ds_300";"⏳ Esperando GO del DS-300…";"⏳ Waiting for DS-300 GO…";"⏳ Esperando GO del DS-300…";"";""
"client.pole-timing.hecho";"Hecho";"Done";"Hecho";"";""
"client.pole-timing.intento_terminado";"Intento terminado";"Attempt finished";"Intento terminado";"";""
"client.pole-timing.on";"ON";"ON";"ON";"";""
"client.pole-timing.pausa";"⏸ Pausa";"⏸ Paused";"⏸ Pausa";"";""
"client.pole-timing.preparado";"Preparado";"Ready";"Preparado";"";""
"client.pole-timing.siguiente_piloto";"Siguiente piloto →";"Next pilot →";"Siguiente piloto →";"";""
"client.pole-timing.siguiente_piloto_en";"Siguiente piloto en ";"Next pilot in ";"Siguiente piloto en ";"";""
"client.pole-timing.sin_referencia";"Sin referencia";"No reference";"Sin referencia";"";""
"client.race.borrar_este_cambio_devuelve_el_juego_a";"¿Borrar este cambio? Devuelve el juego a disponibles.";"Delete this change? Returns the set to available.";"¿Borrar este cambio? Devuelve el juego a disponibles.";"";""
"client.race.disponibles";"disponibles ";"available ";"disponibles ";"";""
"client.race.historial_editar";"Historial / editar";"History / edit";"Historial / editar";"";""
"client.race.manga";"manga";"heat";"manga";"";""
"client.race.sin_cambios_registrados_todavia";"Sin cambios registrados todavía.";"No changes recorded yet.";"Sin cambios registrados todavía.";"";""
"client.race.sin_manga";"sin manga";"no heat";"sin manga";"";""
"client.race.sin_manga_en_curso";"Sin manga en curso";"No heat running";"Sin manga en curso";"";""
"client.race.toca_para_entregar_un_juego";"Toca para entregar un juego";"Tap to hand out a set";"Toca para entregar un juego";"";""
"client.race.usados";"Usados";"Used";"Usados";"";""
"client.race.usados_2";"usados ";"used ";"usados ";"";""
"client.settings.buscando";"Buscando…";"Searching…";"Buscando…";"";""
"client.settings.cambios_sin_guardar";"Cambios sin guardar";"Unsaved changes";"Cambios sin guardar";"";""
"client.settings.carriles";"Carriles ";"Lanes ";"Carriles ";"";""
"client.settings.carriles_2";"Carriles ?";"Lanes ?";"Carriles ?";"";""
"client.settings.circuito";"Circuito ";"Circuit ";"Circuito ";"";""
"client.settings.conexion_serie";"Conexión serie";"Serial connection";"Conexión serie";"settings/index";""
"client.settings.contrasena_activada_este_navegador_sigue_dentro";"Contraseña activada ✓ Este navegador sigue dentro hasta que pulses «Bloquear» en el inicio o «Cerrar sesión» aquí; a partir de ahí Sistema y Catálogo piden la contraseña.";"Password enabled ✓ This browser stays signed in until you press ""Lock"" on the home page or ""Sign out"" here; from then on System and Catalog ask for the password.";"Contraseña activada ✓ Este navegador sigue dentro hasta que pulses «Bloquear» en el inicio o «Cerrar sesión» aquí; a partir de ahí Sistema y Catálogo piden la contraseña.";"";""
"client.settings.contrasena_cambiada";"Contraseña cambiada ✓";"Password changed ✓";"Contraseña cambiada ✓";"";""
"client.settings.contrasena_desactivada";"Contraseña desactivada ✓";"Password disabled ✓";"Contraseña desactivada ✓";"";""
"client.settings.control_de_flujo";"Control de flujo";"Flow control";"Control de flujo";"settings/index";""
"client.settings.descargando_cloudflared";"Descargando cloudflared…";"Downloading cloudflared…";"Descargando cloudflared…";"";""
"client.settings.descargando_el_binario_oficial_de_cloudflare_20";"⏳ Descargando el binario oficial de Cloudflare (~20 MB)…";"⏳ Downloading the official Cloudflare binary (~20 MB)…";"⏳ Descargando el binario oficial de Cloudflare (~20 MB)…";"";""
"client.settings.error_de_red_durante_la_descarga";"⚠️ Error de red durante la descarga.";"⚠️ Network error during download.";"⚠️ Error de red durante la descarga.";"";""
"client.settings.escribe_la_contrasena_y_pulsa_activar";"Escribe la contraseña y pulsa «Activar».";"Type the password and press ""Enable"".";"Escribe la contraseña y pulsa «Activar».";"";""
"client.settings.escribir_a_mano";"Escribir a mano";"Type manually";"Escribir a mano";"settings/index";""
"client.settings.escribir_el_path_a_mano";"Escribir el path a mano";"Type the path manually";"Escribir el path a mano";"settings/index";""
"client.settings.esperando_url_tarda_unos_segundos";"Esperando URL… (tarda unos segundos)";"Waiting for URL… (takes a few seconds)";"Esperando URL… (tarda unos segundos)";"";""
"client.settings.guardado";"Guardado ✓";"Saved ✓";"Guardado ✓";"";""
"client.settings.guardados";"Guardados ✓";"Saved ✓";"Guardados ✓";"";""
"client.settings.host_del_puente";"Host del puente";"Bridge host";"Host del puente";"settings/index";""
"client.settings.master";"Master ";"Master ";"Master ";"";""
"client.settings.n_de_carriles";"Nº de carriles";"Lanes";"Nº de carriles";"settings/index";""
"client.settings.no_se_ha_podido_guardar";"No se ha podido guardar";"Could not save";"No se ha podido guardar";"";""
"client.settings.no_se_ha_podido_guardar_0_a_10_s";"No se ha podido guardar (0 a 10 s)";"Could not save (0 to 10 s)";"No se ha podido guardar (0 a 10 s)";"";""
"client.settings.no_se_han_podido_guardar";"No se han podido guardar";"Could not save";"No se han podido guardar";"";""
"client.settings.nombre_ble_del_master";"Nombre BLE del Master";"Master BLE name";"Nombre BLE del Master";"settings/index";""
"client.settings.opciones_avanzadas_del_puerto";"Opciones avanzadas del puerto";"Advanced port options";"Opciones avanzadas del puerto";"settings/index";""
"client.settings.p_ej_57600";"p. ej. 57600";"e.g. 57600";"p. ej. 57600";"settings/index";""
"client.settings.p_ej_dev_ttys003";"p. ej. /dev/ttys003";"e.g. COM3";"p. ej. /dev/ttys003";"settings/index";""
"client.settings.paridad";"Paridad";"Parity";"Paridad";"settings/index";""
"client.settings.puerto";"Puerto";"Port";"Puerto";"settings/index";""
"client.settings.seleccionar";"seleccionar";"select";"seleccionar";"settings/index";""
"client.settings.sin_cambios";"Sin cambios";"No changes";"Sin cambios";"settings/index";""
"client.settings.tunel_en_marcha";"Túnel en marcha";"Tunnel running";"Túnel en marcha";"";""
"client.settings.tunel_parado";"Túnel parado";"Tunnel stopped";"Túnel parado";"";""
"client.shifts-live.ambiguedad_usa_override_manual";"Ambigüedad — usa override manual";"Ambiguous — use manual override";"Ambigüedad — usa override manual";"";""
"client.shifts-live.asignado";"Asignado";"Assigned";"Asignado";"";""
"client.shifts-live.camara_no_disponible_en_este_navegador";"Cámara no disponible en este navegador";"Camera not available in this browser";"Cámara no disponible en este navegador";"";""
"client.shifts-live.cambio_en_marcha";"Cambio en marcha";"Live swap";"Cambio en marcha";"";""
"client.shifts-live.cambio_en_pausa";"Cambio en pausa";"Swap on pause";"Cambio en pausa";"";""
"client.shifts-live.corregir";"Corregir · ";"Fix · ";"Corregir · ";"";""
"client.shifts-live.el_piloto_no_esta_en_esta_manga";"El piloto no está en esta manga";"Driver not in this manga";"El piloto no está en esta manga";"";""
"client.shifts-live.equipo_descansando_no_puede_fichar";"Equipo descansando — no puede fichar";"Team resting — cannot check in";"Equipo descansando — no puede fichar";"";""
"client.shifts-live.error_de_camara";"Error de cámara: ";"Camera error: ";"Error de cámara: ";"";""
"client.shifts-live.error_de_red";"Error de red";"Network error";"Error de red";"";""
"client.shifts-live.escaneando";"Escaneando…";"Scanning…";"Escaneando…";"";""
"client.shifts-live.estado_de_manga_invalido";"Estado de manga inválido";"Invalid manga status";"Estado de manga inválido";"";""
"client.shifts-live.faltan_datos";"Faltan datos";"Missing params";"Faltan datos";"";""
"client.shifts-live.la_camara_esta_en_uso_por_otra_app";"La cámara está en uso por otra app";"Camera is in use by another app";"La cámara está en uso por otra app";"";""
"client.shifts-live.la_camara_necesita_https";"La cámara necesita HTTPS";"Camera needs HTTPS";"La cámara necesita HTTPS";"";""
"client.shifts-live.listo_para_escanear";"Listo para escanear";"Ready to scan";"Listo para escanear";"";""
"client.shifts-live.manga_activa_pero_ni_running_ni_paused";"Manga activa pero ni running ni paused";"Manga active but neither running nor paused";"Manga activa pero ni running ni paused";"";""
"client.shifts-live.manga_activa_pero_sin_sesion_de_timing";"Manga activa pero sin sesión de timing";"Manga active but no timing session";"Manga activa pero sin sesión de timing";"";""
"client.shifts-live.no_es_carrera_de_campeonato";"No es carrera de campeonato";"Not a championship race";"No es carrera de campeonato";"";""
"client.shifts-live.no_es_carrera_por_equipos";"No es carrera por equipos";"Not a team race";"No es carrera por equipos";"";""
"client.shifts-live.no_se_encontro_ninguna_camara";"No se encontró ninguna cámara";"No camera found";"No se encontró ninguna cámara";"";""
"client.shifts-live.permiso_de_camara_denegado";"Permiso de cámara denegado";"Camera permission denied";"Permiso de cámara denegado";"";""
"client.shifts-live.pre_armado";"Pre-armado";"Pre-armed";"Pre-armado";"";""
"client.shifts-live.procesando";"Procesando…";"Processing…";"Procesando…";"";""
"client.shifts-live.pulsa_para_reactivar_el_lector";"Pulsa para reactivar el lector";"Click to reactivate scanner";"Pulsa para reactivar el lector";"";""
"client.shifts-live.qr_desconocido";"QR desconocido";"Unknown QR";"QR desconocido";"";""
"client.shifts-live.restante";"Restante: ";"Remaining: ";"Restante: ";"";""
"client.shifts-live.sin_pilotos_en_este_carril";"Sin pilotos en este carril";"No drivers on this lane";"Sin pilotos en este carril";"";""
"client.shifts-live.tiempo_anadido";"Tiempo añadido";"Time added";"Tiempo añadido";"";""
"client.shifts-live.tiempo_no_valido";"Tiempo no válido";"Invalid time";"Tiempo no válido";"";""
"client.show.equipo_piloto";"Equipo/Piloto";"Team/Driver";"Equipo/Piloto";"";""
"client.show.incluye_salidas_y_paradas";"incluye salidas y paradas";"includes exits & pit-stops";"incluye salidas y paradas";"";""
"client.show.pit_stops";"Pit-stops";"Pit stops";"Pit-stops";"";""
"client.show.solo_vueltas_limpias";"solo vueltas limpias";"clean laps only";"solo vueltas limpias";"";""
"client.show.vueltas_totales";"Vueltas totales";"Total laps";"Vueltas totales";"";""
"client.tanda-edit.arrastrar_para_reordenar";"Arrastrar para reordenar";"Drag to reorder";"Arrastrar para reordenar";"";""
"client.tanda-new.anade_al_menos_un_piloto";"Añade al menos un piloto.";"Add at least one driver.";"Añade al menos un piloto.";"";""
"client.tanda-new.buscar";"Buscar...";"Search...";"Buscar...";"";""
"client.tanda-new.dsc_extra";"DSC extra";"REST extra";"DSC extra";"";""
"client.tanda-new.el_nombre_es_obligatorio_min_2_caracteres";"El nombre es obligatorio (mín. 2 caracteres).";"Name is required (min 2 chars).";"El nombre es obligatorio (mín. 2 caracteres).";"";""
"client.tanda-new.error_al_crear_el_equipo";"Error al crear el equipo.";"Error creating team.";"Error al crear el equipo.";"";""
"client.tanda-new.pais_opcional";"País (opcional)";"Country (optional)";"País (opcional)";"";""
"client.tanda-new.quitar_descanso";"Quitar descanso";"Remove rest";"Quitar descanso";"";""
"client.tanda-new.selecciona";"Selecciona...";"Select...";"Selecciona...";"";""
"client.wizard.carril";"carril ×";"lane ×";"carril ×";"";""
"client.wizard.circuitos";"circuitos";"circuits";"circuitos";"";""
"client.wizard.con_pole";"con pole";"with pole";"con pole";"";""
"client.wizard.elige_el_tipo_de_carrera";"Elige el tipo de carrera.";"Choose the race type.";"Elige el tipo de carrera.";"";""
"client.wizard.i_sin_nombre_i";"<i>sin nombre</i>";"<i>no name</i>";"<i>sin nombre</i>";"";""
"client.wizard.pasadas";"pasadas";"passes";"pasadas";"";""
"client.wizard.ponle_un_nombre_a_la_carrera";"Ponle un nombre a la carrera.";"Give the race a name.";"Ponle un nombre a la carrera.";"";""
"client.wizard.quitar_piloto";"Quitar piloto";"Remove driver";"Quitar piloto";"races/new-step4";""
"client.wizard.sin_pole";"sin pole";"no pole";"sin pole";"";""
"client.wizard.sin_vuelta_minima";"sin vuelta mínima";"no min lap";"sin vuelta mínima";"";""
"client.wizard.txt";",";".";",";"";""
"client.wizard.vuelta_minima";"vuelta mínima";"min lap";"vuelta mínima";"";""
"common.abrir";"Abrir";"Open";"Abrir";"catalog-sync/index home/_admin";""
"common.acciones";"Acciones";"Actions";"Acciones";"home/_admin races/lap-corrections";""
"common.ajustes";"Ajustes";"Settings";"Ajustes";"cert/index home/_admin";""
"common.anadir";"Añadir";"Add";"Añadir";"races/lap-corrections tires/race";""
"common.atajo";"Atajo: /";"Shortcut: /";"Atajo: /";"cars/index drivers/index teams/index";""
"common.aun_no_hay_turnos_registrados";"Aún no hay turnos registrados.";"No shifts recorded yet.";"Aún no hay turnos registrados.";"control/race-shifts control/shifts-live";""
"common.bajo_min";"Bajo mín.";"Under min";"Bajo mín.";"control/race-shifts control/shifts-live";""
"common.base_de_datos";"Base de datos";"Database";"Base de datos";"database/index home/_admin";""
"common.basico";"Básico";"Basic";"Básico";"home/_admin settings/index";""
"common.carrera";"Carrera";"Race";"Carrera";"home/_admin link/compare link/index";""
"common.carreras";"Carreras";"Races";"Carreras";"database/index home/_admin";""
"common.carril";"Carril ";"Lane ";"Carril ";"control/shifts-live live-stats/show";""
"common.carril_de_pole";"Carril de pole";"Pole lane";"Carril de pole";"races/_pole-panel races/pole-results races/pole-setup races/pole-timing";""
"common.carriles";"Carriles";"Lanes";"Carriles";"circuits/index control/shifts-live races/new-step3-sequence races/pole-setup races/results races/tanda-edit settings/index training/competition";""
"common.categoria_copa";"Categoría / copa";"Category / cup";"Categoría / copa";"races/_participant-attrs races/edit races/new-step1 races/new-step4 races/tanda-edit races/tanda-new";""
"common.categoria_y_coche_opcional";"Categoría y coche (opcional)";"Category and car (optional)";"Categoría y coche (opcional)";"races/edit races/new-step1";""
"common.categorias";"Categorías";"Categories";"Categorías";"categories/index home/_admin";""
"common.cerrar";"Cerrar";"Close";"Cerrar";"drivers/qr-all drivers/qr home/_admin races/live teams/qr-by-team training/live";""
"common.circuitos";"Circuitos";"Circuits";"Circuitos";"circuits/index database/index races/new-step1";""
"common.clasificacion";"Clasificación";"Standings";"Clasificación";"races/lemans training/results-show";""
"common.clasificacion_general";"CLASIFICACIÓN GENERAL";"OVERALL STANDINGS";"CLASIFICACIÓN GENERAL";"races/lemans races/tv";""
"common.coche";"Coche";"Car";"Coche";"races/_participant-attrs races/edit races/lemans races/new-step1 races/new-step4 races/tanda-edit races/tanda-new teams/form teams/import-preview teams/index";""
"common.coches";"Coches";"Cars";"Coches";"cars/index categories/index home/_admin";""
"common.codigo_fuente";"Código fuente";"Source code";"Código fuente";"partials/footer";""
"common.color_del_carril";"Color del carril ";"Lane color ";"Color del carril ";"circuits/form settings/index";""
"common.conexion_ecosistema";"Conexión ecosistema";"Ecosystem connection";"Conexión ecosistema";"ecosystem/index home/_admin";""
"common.contrasena";"Contraseña";"Password";"Contraseña";"login settings/index";""
"common.control_de_neumaticos";"Control de neumáticos";"Tyre control";"Control de neumáticos";"home/_admin tires/race";""
"common.control_de_pilotos";"Control de pilotos";"Driver shifts";"Control de pilotos";"control/shifts-live home/_admin home";""
"common.correccion_de_vueltas";"Corrección de vueltas";"Lap Corrections";"Corrección de vueltas";"races/lap-corrections races/results";""
"common.correccion_de_vueltas_2";"Corrección de vueltas";"Lap corrections";"Corrección de vueltas";"home/_admin races/lap-corrections races/live";""
"common.crea_uno_para_reutilizarlo_en_tus_carreras";"Crea uno para reutilizarlo en tus carreras.";"Create one to reuse it in your races.";"Crea uno para reutilizarlo en tus carreras.";"circuits/index teams/index";""
"common.creado";"Creado";"Created";"Creado";"cars/index circuits/index";""
"common.crear_escenario";"Crear escenario";"Create scenario";"Crear escenario";"circuits/form circuits/index";""
"common.descanso";"+ descanso";"+ rest";"+ descanso";"races/pole-lanes races/tanda-new";""
"common.descripcion";"Descripción";"Description";"Descripción";"cars/form cars/import-preview cars/index categories/form categories/index";""
"common.direccion_es_del_servidor";"Dirección(es) del servidor: ";"Server address(es): ";"Dirección(es) del servidor: ";"home/_admin home";""
"common.editar_carrera";"Editar carrera";"Edit race";"Editar carrera";"races/edit races/show";""
"common.eliminar";"Eliminar";"Delete";"Eliminar";"cars/index categories/index circuits/index drivers/index races/lap-corrections teams/index";""
"common.en_curso";"En curso";"Active";"En curso";"control/race-shifts races/show";""
"common.en_curso_2";"En curso";"In progress";"En curso";"home/_admin races/show";""
"common.enlace_maestro_esclavo";"Enlace maestro / esclavo";"Master / slave link";"Enlace maestro / esclavo";"link/compare link/index";""
"common.entrar";"Entrar";"Sign in";"Entrar";"home/_admin login";""
"common.entrenamiento";"Entrenamiento";"Training";"Entrenamiento";"training/index training/live";""
"common.entreno_de_competicion";"Entreno de competición";"Competition practice";"Entreno de competición";"home/_admin training/live";""
"common.entreno_libre";"Entreno libre";"Free practice";"Entreno libre";"home/_admin training/live";""
"common.equipo";"Equipo";"Team";"Equipo";"link/compare races/results";""
"common.equipo_piloto";"Equipo / Piloto";"Team / Driver";"Equipo / Piloto";"races/results races/show";""
"common.equipos";"Equipos";"Teams";"Equipos";"database/index home/_admin teams/index";""
"common.escenarios";"Escenarios";"Scenarios";"Escenarios";"circuits/index home/_admin";""
"common.estadisticas_en_vivo";"Estadísticas en vivo";"Live stats";"Estadísticas en vivo";"home/_admin home live-stats/index races/pole-timing";""
"common.estado";"Estado";"Status";"Estado";"cars/import-preview control/race-shifts control/shifts-report drivers/import-preview home/_admin teams/import-preview";""
"common.estado_de_puertos_serie";"Estado de puertos serie";"Serial port status";"Estado de puertos serie";"partials/footer";""
"common.exportar_qr";"Exportar QR";"Export QR";"Exportar QR";"drivers/index teams/index";""
"common.guardar_cambios";"Guardar cambios";"Save changes";"Guardar cambios";"cars/form categories/form circuits/form drivers/edit races/edit races/manga-edit races/tanda-edit teams/form";""
"common.historial_de_cambios";"Historial de cambios";"Change log";"Historial de cambios";"tires/log tires/race";""
"common.historial_de_versiones";"Historial de versiones";"Version history";"Historial de versiones";"partials/footer";""
"common.importar";"Importar";"Import";"Importar";"cars/index drivers/index link/index teams/index";""
"common.importar_csv";"Importar CSV";"Import CSV";"Importar CSV";"cars/index drivers/index teams/index";""
"common.imprimir";"Imprimir";"Print";"Imprimir";"control/shifts-report drivers/qr";""
"common.inicio";"Inicio";"Home";"Inicio";"cars/index catalog-sync/index categories/index circuits/index control/shifts-live database/index drivers/index ecosystem/index home/_admin home lap/index license/eula link/index live-stats/index live-stats/show races/index races/results-index settings/index teams/index tires/race training/index training/results-index";""
"common.licencia";"Licencia";"License";"Licencia";"license/eula partials/footer";""
"common.lider";"líder";"leader";"líder";"home/_admin races/results";""
"common.manga";"Manga";"Heat";"Manga";"control/race-shifts home/_admin link/compare live-stats/show races/lap-corrections races/lemans races/live-panel-fastest races/live-panel-track races/live-panel races/live races/results races/tv tires/race verifications/race";""
"common.mangas";"mangas";"heats";"mangas";"races/results-index races/show";""
"common.marca";"Marca";"Brand";"Marca";"cars/form cars/import-preview cars/index";""
"common.mas_opciones";"Más opciones";"More options";"Más opciones";"races/new-step1 races/show";""
"common.mejor";"mejor";"best";"mejor";"races/lap-corrections training/results-index";""
"common.mejor_vuelta";"Mejor vuelta";"Best lap";"Mejor vuelta";"races/pole-timing training/results-show";""
"common.modelo";"Modelo";"Model";"Modelo";"cars/form cars/import-preview cars/index";""
"common.modo";"Modo";"Mode";"Modo";"link/compare settings/index";""
"common.modo_de_la_app";"Modo de la app";"App mode";"Modo de la app";"home/_admin settings/index";""
"common.modo_simulacion";"Modo simulación";"Simulation mode";"Modo simulación";"home/_admin home";""
"common.nada_coincide_con_la_busqueda";"Nada coincide con la búsqueda.";"Nothing matches your search.";"Nada coincide con la búsqueda.";"cars/index drivers/index home/_admin teams/index";""
"common.neumaticos";"Neumáticos";"Tyres";"Neumáticos";"home/_admin races/new-step1 races/show tires/race";""
"common.neumaticos_por_equipo";"Neumáticos por equipo";"Tyres per team";"Neumáticos por equipo";"races/confirm races/edit";""
"common.nombre";"Nombre";"Name";"Nombre";"categories/index circuits/form circuits/index drivers/import-preview races/index teams/import-preview teams/index";""
"common.nombre_del_piloto";"Nombre del piloto";"Driver name";"Nombre del piloto";"drivers/edit drivers/new";""
"common.notas";"Notas";"Notes";"Notas";"circuits/index teams/index";""
"common.nueva_carrera";"Nueva carrera";"New race";"Nueva carrera";"home/_admin races/new-step1";""
"common.nueva_categoria";"Nueva categoría";"New category";"Nueva categoría";"categories/form categories/index";""
"common.nuevo";"Nuevo";"New";"Nuevo";"cars/import-preview drivers/import-preview races/tanda-new teams/import-preview";""
"common.nuevo_coche";"Nuevo coche";"New car";"Nuevo coche";"cars/form cars/index";""
"common.nuevo_escenario";"Nuevo escenario";"New scenario";"Nuevo escenario";"circuits/form circuits/index";""
"common.nuevo_piloto";"Nuevo piloto";"New driver";"Nuevo piloto";"drivers/index drivers/new";""
"common.p_subir";"P/Subir";"To climb";"P/Subir";"live-stats/show races/lemans";""
"common.pais";"País";"Country";"País";"teams/form teams/import-preview";""
"common.pantalla_completa";"Pantalla completa";"Fullscreen";"Pantalla completa";"control/shifts-live races/live training/live";""
"common.parar";"Parar";"Stop";"Parar";"races/pole-timing settings/index training/live";""
"common.pares_por_equipo";"pares por equipo";"pairs per team";"pares por equipo";"races/edit races/new-step1";""
"common.participante";"Participante";"Participant";"Participante";"live-stats/show races/_pole-panel races/live-panel races/live training/results-show";""
"common.participantes";"Participantes";"Participants";"Participantes";"races/pole-setup training/competition";""
"common.pasadas";"Pasadas";"Passes";"Pasadas";"races/confirm races/new-step1";""
"common.pasado";"PASADO";"OVER";"PASADO";"control/race-shifts control/shifts-live";""
"common.pendiente";"Pendiente";"Pending";"Pendiente";"home/_admin races/show verifications/race";""
"common.pendiente_2";"pendiente";"pending";"pendiente";"control/shifts-live database/index";""
"common.plantilla_csv";"Plantilla CSV";"CSV Template";"Plantilla CSV";"cars/index drivers/index teams/index";""
"common.pole";"Pole:";"Pole:";"Pole:";"races/pole-lanes races/pole-results";""
"common.pole_en_directo";"Pole en directo";"Pole live";"Pole en directo";"home/_admin home";""
"common.pole_position";"Pole position";"Pole position";"Pole position";"races/confirm races/new-step1";""
"common.por_defecto";"— por defecto —";"— default —";"— por defecto —";"races/edit races/new-step1";""
"common.registro_de_sucesos";"Registro de sucesos";"Event log";"Registro de sucesos";"home/_admin races/events races/live";""
"common.repetir_carril";"Repetir carril";"Repeat lane";"Repetir carril";"races/confirm races/new-step1";""
"common.resultados";"Resultados";"Results";"Resultados";"home/_admin home races/results-index races/results races/show";""
"common.resultados_de_entrenos";"Resultados de entrenos";"Training results";"Resultados de entrenos";"home/_admin training/results-index";""
"common.secciones";"Secciones";"Sections";"Secciones";"database/index home/_admin link/index settings/index";""
"common.secuencia";"Secuencia:";"Sequence:";"Secuencia:";"races/tanda-edit races/tanda-new";""
"common.secuencia_de_carriles";"Secuencia de carriles";"Lane sequence";"Secuencia de carriles";"races/confirm races/edit";""
"common.si_pole_clasificacion_a_vuelta_unica_el_mas";"SI POLE · clasificación a vuelta única · el más rápido elige carril";"Single-lap qualifying · fastest picks lane";"SI POLE · clasificación a vuelta única · el más rápido elige carril";"races/pole-results races/pole-timing";""
"common.sin_asignar";"Sin asignar";"Unassigned";"Sin asignar";"control/shifts-live races/pole-lanes";""
"common.sin_equipos";"Sin equipos";"No teams";"Sin equipos";"teams/index training/index";""
"common.sincronizar_carrera";"Sincronizar carrera";"Sync race";"Sincronizar carrera";"home/_admin link/index";""
"common.sincronizar_catalogo";"Sincronizar catálogo";"Sync catalog";"Sincronizar catálogo";"catalog-sync/index home/_admin";""
"common.tanda";"Tanda";"Heat";"Tanda";"control/shifts-report races/show";""
"common.tanda_2";"Tanda";"Round";"Tanda";"control/race-shifts home/_admin races/lap-corrections races/live-panel-fastest races/live-panel-track races/live-panel races/live races/results races/tv";""
"common.tiempo";"Tiempo";"Time";"Tiempo";"control/shifts-report races/_pole-panel races/lap-corrections races/results";""
"common.tiempo_total_por_piloto";"Tiempo total por piloto";"Total time per driver";"Tiempo total por piloto";"control/race-shifts control/shifts-report";""
"common.tipo";"Tipo";"Type";"Tipo";"control/race-shifts home/_admin";""
"common.todos";"Todos";"All";"Todos";"races/pole-setup races/results";""
"common.turnos";"TURNOS";"STINTS";"TURNOS";"control/race-shifts control/shifts-live";""
"common.turnos_2";"Turnos";"Shifts";"Turnos";"control/race-shifts races/show";""
"common.ultimo_turno";"Último turno";"Last stint";"Último turno";"control/race-shifts control/shifts-live control/shifts-report";""
"common.v_proy";"V. Proy.";"Proj.";"V. Proy.";"live-stats/show races/live-panel races/live";""
"common.verificaciones";"Verificaciones";"Scrutineering";"Verificaciones";"races/show verifications/race";""
"common.volver";"Volver";"Back";"Volver";"races/lap-corrections races/live races/pole-lanes training/live";""
"common.volver_a_la_carrera";"Volver a la carrera";"Back to race";"Volver a la carrera";"control/race-shifts races/edit races/events races/live races/manga-edit races/pole-results races/results races/tanda-edit tires/race verifications/race";""
"common.volver_a_pilotos";"Volver a pilotos";"Back to drivers";"Volver a pilotos";"drivers/edit drivers/new";""
"common.volver_a_resultados";"Volver a resultados";"Back to results";"Volver a resultados";"races/pole-lanes races/results";""
"common.vuelta_minima";"Vuelta mínima";"Min lap time";"Vuelta mínima";"races/edit races/new-step1";""
"common.vueltas";"vueltas";"laps";"vueltas";"races/lap-corrections races/results training/results-index";""
"common.vueltas_proyectadas_respecto_al_de_delante";"Vueltas proyectadas respecto al de delante";"Projected laps behind the car ahead";"Vueltas proyectadas respecto al de delante";"live-stats/show races/live-panel races/live";""
"compare.auto";"Auto";"Auto";"Auto";"link/compare";""
"compare.bart_se_comio";"BART se comió";"BART missed";"BART se comió";"link/compare";""
"compare.cargando";"Cargando…";"Loading…";"Cargando…";"link/compare";""
"compare.comparador_ds_bart";"Comparador DS ↔ BART";"DS ↔ BART compare";"Comparador DS ↔ BART";"link/compare";""
"compare.comparador_ds_bart_2";"Comparador DS↔BART";"DS↔BART compare";"Comparador DS↔BART";"link/compare";""
"compare.comparar";"Comparar";"Compare";"Comparar";"link/compare";""
"compare.distintos_puntos_sensores_separados";"Distintos puntos (sensores separados)";"Different points (sensors apart)";"Distintos puntos (sensores separados)";"link/compare";""
"compare.elige_carrera_y_manga_y_pulsa_comparar";"Elige carrera y manga, y pulsa Comparar.";"Pick a race and heat, then press Compare.";"Elige carrera y manga, y pulsa Comparar.";"link/compare";""
"compare.elige_una_carrera";"Elige una carrera";"Pick a race";"Elige una carrera";"link/compare";""
"compare.exportar_csv";"Exportar CSV";"Export CSV";"Exportar CSV";"link/compare";""
"compare.fantasmas";"Fantasmas";"Phantoms";"Fantasmas";"link/compare";""
"compare.invertir_ds_bart";"Invertir DS / BART";"Swap DS / BART";"Invertir DS / BART";"link/compare";""
"compare.mismo_punto_sensores_juntos";"Mismo punto (sensores juntos)";"Same point (sensors together)";"Mismo punto (sensores juntos)";"link/compare";""
"compare.offset";"Offset";"Offset";"Offset";"link/compare";""
"compare.que_comparar";"Qué comparar";"What to compare";"Qué comparar";"link/compare";""
"compare.residual_max";"Residual máx";"Max residual";"Residual máx";"link/compare";""
"compare.residual_medio";"Residual medio";"Mean residual";"Residual medio";"link/compare";""
"compare.sin_datos";"Sin datos";"No data";"Sin datos";"link/compare";""
"compare.tolerancia_ms";"Tolerancia (ms)";"Tolerance (ms)";"Tolerancia (ms)";"link/compare";""
"compare.url_del_otro_sistema";"URL del otro sistema";"Other system URL";"URL del otro sistema";"link/compare";""
"compare.veredicto_de_bart";"Veredicto de BART";"BART verdict";"Veredicto de BART";"link/compare";""
"competition.anadir_piloto";"Añadir piloto";"Add pilot";"Añadir piloto";"training/competition";""
"competition.buscar_en_el_catalogo_de_equipos";"Buscar en el catálogo de equipos";"Search the team catalog";"Buscar en el catálogo de equipos";"training/competition";""
"competition.buscar_en_el_catalogo_de_equipos_2";"Buscar en el catálogo de equipos…";"Search the team catalog…";"Buscar en el catálogo de equipos…";"training/competition";""
"competition.carriles_de_los_ds";"carriles (de los DS)";"lanes (from DS)";"carriles (de los DS)";"training/competition";""
"competition.entrenamiento_de_competicion";"Entrenamiento de competición";"Competition training";"Entrenamiento de competición";"training/competition";""
"competition.ningun_equipo_coincide";"Ningún equipo coincide.";"No team matches.";"Ningún equipo coincide.";"training/competition";""
"competition.orden_natural";"Orden natural";"Natural order";"Orden natural";"training/competition";""
"competition.por_defecto_de_ajustes";"— Por defecto (de ajustes) —";"— Default (from settings) —";"— Por defecto (de ajustes) —";"training/competition";""
"competition.preparar_sesion";"Preparar sesión";"Prepare session";"Preparar sesión";"training/competition";""
"competition.reparte_los_participantes_en_carriles_al_azar";"Reparte los participantes en carriles al azar";"Randomly assign participants to lanes";"Reparte los participantes en carriles al azar";"training/competition";""
"competition.secuencia_de_cambio_de_carril";"Secuencia de cambio de carril";"Lane rotation sequence";"Secuencia de cambio de carril";"training/competition";""
"competition.selecciona_el_circuito_de_la_sesion";"Selecciona el circuito de la sesión";"Select the session circuit";"Selecciona el circuito de la sesión";"training/competition";""
"competition.sortear_carriles";"Sortear carriles";"Shuffle lanes";"Sortear carriles";"training/competition";""
"competition.vaciar_todo";"Vaciar todo";"Clear all";"Vaciar todo";"training/competition";""
"competition.ver_entrenos_guardados";"Ver entrenos guardados ›";"See saved sessions ›";"Ver entrenos guardados ›";"training/competition";""
"competition.volver_a_entrenamiento";"Volver a entrenamiento";"Back to training";"Volver a entrenamiento";"training/competition";""
"confirm.minutos";"minutos";"minutes";"minutos";"races/confirm";""
"confirm.no";"No";"No";"No";"races/confirm";""
"confirm.pares";"pares";"pairs";"pares";"races/confirm";""
"confirm.participantes_de_pole";"Participantes de Pole";"Pole participants";"Participantes de Pole";"races/confirm";""
"confirm.si_con_sesion_de_clasificacion";"Sí, con sesión de clasificación";"Yes, with qualifying session";"Sí, con sesión de clasificación";"races/confirm";""
"database.al_subirla_no_cambia_nada_todavia_queda";"Al subirla no cambia nada todavía: queda pendiente.";"Uploading changes nothing yet: it stays pending.";"Al subirla no cambia nada todavía: queda pendiente.";"database/index";""
"database.antes_se_guarda_sola_una_copia_de_los_datos";"Antes se guarda sola una copia de los datos actuales, por si hay que deshacer.";"The current data is backed up automatically first, in case you need to undo.";"Antes se guarda sola una copia de los datos actuales, por si hay que deshacer.";"database/index";""
"database.arrastra_aqui_el_archivo_db_o_pulsa_para";"Arrastra aquí el archivo .db o pulsa para elegirlo";"Drop the .db file here or click to choose it";"Arrastra aquí el archivo .db o pulsa para elegirlo";"database/index";""
"database.arrastra_aqui_el_archivo_pwrace_o_pulsa_para";"Arrastra aquí el archivo .pwrace o pulsa para elegirlo";"Drop the .pwrace file here or click to choose it";"Arrastra aquí el archivo .pwrace o pulsa para elegirlo";"database/index";""
"database.cancelar_importacion";"Cancelar importación";"Cancel import";"Cancelar importación";"database/index";""
"database.cancelar_la_importacion_pendiente_no_se_aplicara";"¿Cancelar la importación pendiente? No se aplicará.";"Cancel the pending import? It will not be applied.";"¿Cancelar la importación pendiente? No se aplicará.";"database/index";""
"database.carrera_a_exportar";"Carrera a exportar";"Race to export";"Carrera a exportar";"database/index";""
"database.copia_de_seguridad";"Copia de seguridad";"Backup";"Copia de seguridad";"database/index";""
"database.descargar_copia";"Descargar copia";"Download backup";"Descargar copia";"database/index";""
"database.en_curso";"en curso";"running";"en curso";"database/index";""
"database.esto_reemplazara_todos_los_datos_actuales_la";"Esto reemplazará TODOS los datos actuales la próxima vez que abras PitWall. ¿Continuar?";"This will replace ALL current data the next time you open PitWall. Continue?";"Esto reemplazará TODOS los datos actuales la próxima vez que abras PitWall. ¿Continuar?";"database/index";""
"database.exp_imp_carrera";"Exp. / Imp. carrera";"Export / import race";"Exp. / Imp. carrera";"database/index";""
"database.exportar";"Exportar";"Export";"Exportar";"database/index";""
"database.exportar_carrera";"Exportar carrera";"Export race";"Exportar carrera";"database/index";""
"database.exportar_e_importar_carrera";"Exportar e importar carrera";"Export and import a race";"Exportar e importar carrera";"database/index";""
"database.fichero";"Fichero";"File";"Fichero";"database/index";""
"database.genera_un_archivo_pwrace_con_todo_equipos";"Genera un archivo .pwrace con todo: equipos, pilotos, mangas, vueltas, turnos, neumáticos, verificaciones y pole.";"Creates a .pwrace file with everything: teams, drivers, heats, laps, shifts, tires, inspections and pole.";"Genera un archivo .pwrace con todo: equipos, pilotos, mangas, vueltas, turnos, neumáticos, verificaciones y pole.";"database/index";""
"database.gestion_de_base_de_datos";"Gestión de base de datos";"Database management";"Gestión de base de datos";"database/index";""
"database.hay_una_copia_pendiente_de_aplicar";"Hay una copia pendiente de aplicar";"An import is pending";"Hay una copia pendiente de aplicar";"database/index";""
"database.importar_carrera";"Importar carrera";"Import race";"Importar carrera";"database/index";""
"database.importar_copia";"Importar copia";"Import backup";"Importar copia";"database/index";""
"database.lo_que_hay_ahora_mismo_en_la_base_de_datos_de";"Lo que hay ahora mismo en la base de datos de este PC.";"What is in this PC's database right now.";"Lo que hay ahora mismo en la base de datos de este PC.";"database/index";""
"database.manga_sin_cerrar";"manga sin cerrar";"unclosed heat";"manga sin cerrar";"database/index";""
"database.para_llevarte_una_carrera_a_otro_pc_por_ejemplo";"Para llevarte una carrera a otro PC (por ejemplo, la que has corrido en otro club) sin tocar el resto de datos.";"To take one race to another PC (e.g. one you ran at another club) without touching the rest of the data.";"Para llevarte una carrera a otro PC (por ejemplo, la que has corrido en otro club) sin tocar el resto de datos.";"database/index";""
"database.restaurar_copia";"Restaurar copia";"Restore backup";"Restaurar copia";"database/index";""
"database.resumen";"Resumen";"Summary";"Resumen";"database/index";""
"database.se_anade_como_carrera_nueva_y_se_aplica_al";"Se añade como carrera nueva y se aplica al momento; tus carreras no se tocan. Si su circuito no existe aquí, se crea.";"Added as a new race, instantly; your races are not touched. If its circuit does not exist here, it is created.";"Se añade como carrera nueva y se aplica al momento; tus carreras no se tocan. Si su circuito no existe aquí, se crea.";"database/index";""
"database.se_aplica_al_cerrar_pitwall_por_completo_y";"Se aplica al cerrar PitWall por completo y volver a abrirlo.";"It is applied when you fully close and reopen PitWall.";"Se aplica al cerrar PitWall por completo y volver a abrirlo.";"database/index";""
"database.subir_copia";"Subir copia";"Upload backup";"Subir copia";"database/index";""
"database.sustituir_todos_los_datos_de_este_pc_por_los_de";"Sustituir todos los datos de este PC por los de una copia de seguridad.";"Replace all data on this PC with a backup.";"Sustituir todos los datos de este PC por los de una copia de seguridad.";"database/index";""
"database.terminada";"terminada";"finished";"terminada";"database/index";""
"database.toda_la_base_de_datos_en_un_archivo_para";"Toda la base de datos en un archivo, para guardarla o pasarla a otro PC.";"The whole database in one file, to keep it or move it to another PC.";"Toda la base de datos en un archivo, para guardarla o pasarla a otro PC.";"database/index";""
"drivers.anade_tu_primer_piloto_para_empezar";"Añade tu primer piloto para empezar.";"Add your first driver to get started.";"Añade tu primer piloto para empezar.";"drivers/index";""
"drivers.buscar_piloto_o_categoria";"Buscar piloto o categoría…";"Search driver or category…";"Buscar piloto o categoría…";"drivers/index";""
"drivers.categories.bronce";"Bronce";"Bronze";"Bronce";"";""
"drivers.categories.oro";"Oro";"Gold";"Oro";"";""
"drivers.categories.plata";"Plata";"Silver";"Plata";"";""
"drivers.categories.platino";"Platino";"Platinum";"Platino";"";""
"drivers.eliminar_piloto";"¿Eliminar piloto?";"Delete driver?";"¿Eliminar piloto?";"drivers/index";""
"drivers.importar_pilotos_desde_csv";"Importar pilotos desde CSV";"Import drivers from CSV";"Importar pilotos desde CSV";"drivers/index";""
"drivers.sin_pilotos_registrados";"Sin pilotos registrados";"No drivers registered";"Sin pilotos registrados";"drivers/index";""
"drivers.title";"Base de datos de pilotos";"Driver database";"Base de datos de pilotos";"";""
"ecosystem.control_bloqueado";"Control bloqueado";"Control blocked";"Control bloqueado";"ecosystem/index";""
"ecosystem.control_puede_conectarse";"Control puede conectarse";"Control can connect";"Control puede conectarse";"ecosystem/index";""
"ecosystem.importar_tanda";"Importar tanda";"Import round";"Importar tanda";"ecosystem/index";""
"ecosystem.permitir_que_pitwall_control_se_conecte";"Permitir que PitWall Control se conecte";"Allow PitWall Control to connect";"Permitir que PitWall Control se conecte";"ecosystem/index";""
"ecosystem.pin_de_emparejamiento";"PIN de emparejamiento";"Pairing PIN";"PIN de emparejamiento";"ecosystem/index";""
"ecosystem.puente_con_pitwall_control";"Puente con PitWall Control";"PitWall Control bridge";"Puente con PitWall Control";"ecosystem/index";""
"ecosystem.sin_red_tambien_puedes_importar_una_tanda_a_mano";"¿Sin red? También puedes importar una tanda a mano.";"No network? You can also import a round by hand.";"¿Sin red? También puedes importar una tanda a mano.";"ecosystem/index";""
"edit.0_sin_control";"0 = sin control";"0 = no control";"0 = sin control";"races/edit";""
"edit.bloqueo_final_de_manga_s";"Bloqueo final de manga (s)";"Final-manga lockout (s)";"Bloqueo final de manga (s)";"races/edit";""
"edit.carriles";"Carriles:";"Lanes:";"Carriles:";"races/edit";""
"edit.categoria";"Categoría:";"Category:";"Categoría:";"races/edit";""
"edit.de_la_categoria";"← de la categoría";"← from category";"← de la categoría";"races/edit";""
"edit.desactivada";"desactivada";"disabled";"desactivada";"races/edit";""
"edit.descanso_s";"descanso(s)";"rest(s)";"descanso(s)";"races/edit";""
"edit.editar_piloto";"Editar piloto";"Edit driver";"Editar piloto";"drivers/edit";""
"edit.escenario";"Escenario";"Scenario";"Escenario";"races/edit";""
"edit.maximo_de_turnos_por_piloto";"Máximo de turnos por piloto";"Max turns per driver";"Máximo de turnos por piloto";"races/edit";""
"edit.maximo_por_piloto_min";"Máximo por piloto (min)";"Max per driver (min)";"Máximo por piloto (min)";"races/edit";""
"edit.minimo_por_piloto_min";"Mínimo por piloto (min)";"Min per driver (min)";"Mínimo por piloto (min)";"races/edit";""
"edit.nombre_de_la_carrera";"Nombre de la carrera";"Race name";"Nombre de la carrera";"races/edit";""
"edit.reglas_de_turnos_por_piloto";"Reglas de turnos por piloto";"Driver shift rules";"Reglas de turnos por piloto";"races/edit";""
"edit.sin_escenario_configuracion_manual";"— Sin escenario (configuración manual) —";"— No scenario (manual setup) —";"— Sin escenario (configuración manual) —";"races/edit";""
"edit.vuelta_minima";"Vuelta mínima:";"Min lap:";"Vuelta mínima:";"races/edit";""
"errors.category_required";"Debes seleccionar una categoría";"You must select a category";"Debes seleccionar una categoría";"";""
"errors.driver_max_below_min";"El máximo por piloto no puede ser menor que el mínimo";"Max per driver cannot be lower than the minimum";"El máximo por piloto no puede ser menor que el mínimo";"races/edit";""
"errors.duration_invalid";"La duración de la manga debe estar entre 1 y 120 minutos";"Heat duration must be between 1 and 120 minutes";"La duración de la manga debe estar entre 1 y 120 minutos";"";""
"errors.format_required";"Debes seleccionar el formato de carrera";"You must select a race format";"Debes seleccionar el formato de carrera";"";""
"errors.lanes_invalid";"El número de carriles debe estar entre 2 y 32";"Number of lanes must be between 2 and 32";"El número de carriles debe estar entre 2 y 32";"";""
"errors.members_count_invalid";"El número de integrantes debe ser entre 1 y 10";"Number of members must be between 1 and 10";"El número de integrantes debe ser entre 1 y 10";"";""
"errors.name_required";"El nombre de la carrera es obligatorio (mínimo 2 caracteres)";"Race name is required (minimum 2 characters)";"El nombre de la carrera es obligatorio (mínimo 2 caracteres)";"";""
"errors.no_participants";"Añade al menos un participante a la tanda";"Add at least one participant to the heat group";"Añade al menos un participante a la tanda";"";""
"errors.not_enough_drivers";"El número de pilotos debe ser igual al número de carriles en la secuencia";"Number of drivers must equal the number of lanes in the sequence";"El número de pilotos debe ser igual al número de carriles en la secuencia";"";""
"errors.not_enough_teams";"El número de equipos debe ser igual al número de carriles en la secuencia";"Number of teams must equal the number of lanes in the sequence";"El número de equipos debe ser igual al número de carriles en la secuencia";"";""
"errors.sequence_invalid";"La secuencia debe contener cada carril exactamente una vez";"The sequence must contain each lane exactly once";"La secuencia debe contener cada carril exactamente una vez";"";""
"errors.team_requires_license";"Las carreras de resistencia (por equipos) requieren licencia Pro. Ver licencia en /license";"Endurance (team) races require a Pro license. See /license";"Las carreras de resistencia (por equipos) requieren licencia Pro. Ver licencia en /license";"";""
"errors.type_required";"Debes seleccionar el tipo de carrera";"You must select a race type";"Debes seleccionar el tipo de carrera";"";""
"events.mostrar_fichajes_de_piloto_antes_del_go_rutina";"Mostrar fichajes de piloto antes del GO (rutina de arranque)";"Show driver check-ins before GO (routine start-up)";"Mostrar fichajes de piloto antes del GO (rutina de arranque)";"races/events";""
"form.anadir_descanso_dsc";"Añadir descanso (DSC)";"Add rest (DSC)";"Añadir descanso (DSC)";"circuits/form";""
"form.antihorario";"Antihorario";"Counter-clockwise";"Antihorario";"circuits/form";""
"form.buscar_pais";"Buscar país...";"Search country...";"Buscar país...";"teams/form";""
"form.cerrar_abrir_trazado";"Cerrar/abrir trazado";"Toggle closed loop";"Cerrar/abrir trazado";"circuits/form";""
"form.club_categoria";"Club, categoría...";"Club, category...";"Club, categoría...";"teams/form";""
"form.colores_de_los_carriles";"Colores de los carriles";"Lane colors";"Colores de los carriles";"circuits/form";""
"form.configuracion_de_carriles";"Configuración de carriles";"Lane configuration";"Configuración de carriles";"circuits/form";""
"form.contra_las_agujas_del_reloj";"Contra las agujas del reloj";"Against clock hands";"Contra las agujas del reloj";"circuits/form";""
"form.copiar_los_colores_globales";"Copiar los colores globales";"Copy global colors";"Copiar los colores globales";"circuits/form";""
"form.crear_categoria";"Crear categoría";"Create category";"Crear categoría";"categories/form circuits/form";""
"form.crear_coche";"Crear coche";"Create car";"Crear coche";"cars/form";""
"form.descripcion_o_ubicacion";"Descripción o ubicación...";"Description or location...";"Descripción o ubicación...";"circuits/form";""
"form.descripcion_opcional";"Descripción opcional…";"Optional description…";"Descripción opcional…";"cars/form categories/form";""
"form.deshacer";"Deshacer";"Undo";"Deshacer";"circuits/form";""
"form.deshacer_ultimo_punto";"Deshacer último punto";"Undo last point";"Deshacer último punto";"circuits/form";""
"form.dibujar_sin_foto";"Dibujar sin foto";"Draw without photo";"Dibujar sin foto";"circuits/form";""
"form.dibujar_sin_foto_empieza_con_un_lienzo_en_negro";"• ""Dibujar sin foto"" — empieza con un lienzo en negro";"• ""Draw without photo"" — start with a blank canvas";"• ""Dibujar sin foto"" — empieza con un lienzo en negro";"circuits/form";""
"form.distribucion_automatica";"Distribución automática";"Auto distribute";"Distribución automática";"circuits/form";""
"form.editar_categoria";"Editar categoría";"Edit category";"Editar categoría";"categories/form";""
"form.editar_coche";"Editar coche";"Edit car";"Editar coche";"cars/form";""
"form.editar_equipo";"Editar equipo";"Edit team";"Editar equipo";"teams/form";""
"form.editar_escenario";"Editar escenario";"Edit scenario";"Editar escenario";"circuits/form";""
"form.ej_3_50";"Ej: 3.50";"e.g. 3.50";"Ej: 3.50";"circuits/form";""
"form.ej_ferrari_360_gtc";"Ej: Ferrari 360 GTC";"E.g: Ferrari 360 GTC";"Ej: Ferrari 360 GTC";"cars/form";""
"form.ej_ferrari_499p_porsche_963";"Ej: Ferrari 499P, Porsche 963...";"e.g. Ferrari 499P, Porsche 963...";"Ej: Ferrari 499P, Porsche 963...";"teams/form";""
"form.ej_formula_1_rally_clasicos";"Ej: Fórmula 1, Rally, Clásicos";"E.g: Formula 1, Rally, Classics";"Ej: Fórmula 1, Rally, Clásicos";"categories/form";""
"form.ej_lmh_lmgt3_clase_a";"Ej: LMH, LMGT3, Clase A...";"e.g. LMH, GTE, Class A...";"Ej: LMH, LMGT3, Clase A...";"teams/form";""
"form.ej_pista_principal";"Ej: Pista principal";"e.g. Main track";"Ej: Pista principal";"circuits/form";""
"form.ej_slot_it_nsr";"Ej: Slot.it, NSR";"E.g: Slot.it, NSR";"Ej: Slot.it, NSR";"cars/form";""
"form.el_nombre_es_obligatorio_minimo_2_caracteres";"El nombre es obligatorio (mínimo 2 caracteres).";"Name is required (min 2 characters).";"El nombre es obligatorio (mínimo 2 caracteres).";"circuits/form teams/form";""
"form.elige_como_crear_el_trazado";"Elige cómo crear el trazado";"Choose how to create the outline";"Elige cómo crear el trazado";"circuits/form";""
"form.eliminar_foto";"Eliminar foto";"Remove photo";"Eliminar foto";"teams/form";""
"form.escribe_o_selecciona";"Escribe o selecciona…";"Type or select…";"Escribe o selecciona…";"cars/form";""
"form.escribe_para_buscar_entre_los_perfiles";"Escribe para buscar entre los perfiles existentes o introduce un nombre nuevo.";"Type to search existing profiles or enter a new name.";"Escribe para buscar entre los perfiles existentes o introduce un nombre nuevo.";"teams/form";""
"form.foto_del_coche";"Foto del coche";"Car photo";"Foto del coche";"teams/form";""
"form.horario";"Horario";"Clockwise";"Horario";"circuits/form";""
"form.informacion_adicional_sobre_esta_categoria";"Información adicional sobre esta categoría.";"Additional information about this category.";"Información adicional sobre esta categoría.";"categories/form";""
"form.informacion_adicional_sobre_este_coche";"Información adicional sobre este coche.";"Additional information about this car.";"Información adicional sobre este coche.";"cars/form";""
"form.limpiar_puntos";"Limpiar puntos";"Clear points";"Limpiar puntos";"circuits/form";""
"form.manten_el_raton_pulsado_y_arrastra_para_trazar";"Mantén el ratón pulsado y arrastra para trazar curvas con muchos puntos automáticamente";"Hold mouse and drag to auto-trace curves with many points";"Mantén el ratón pulsado y arrastra para trazar curvas con muchos puntos automáticamente";"circuits/form";""
"form.mostrar_curva_suave_catmull_rom_para";"Mostrar curva suave (Catmull-Rom) para previsualizar cómo se verá en la simulación";"Show smooth curve preview";"Mostrar curva suave (Catmull-Rom) para previsualizar cómo se verá en la simulación";"circuits/form";""
"form.no_hay_categorias_todavia_crea_una_abajo_para";"No hay categorías todavía. Crea una abajo para asignarle un tiempo mínimo.";"No categories yet. Create one below to assign it a minimum lap time.";"No hay categorías todavía. Crea una abajo para asignarle un tiempo mínimo.";"circuits/form";""
"form.nombre_de_categoria_p_ej_gt_grupo_c";"Nombre de categoría (p. ej. GT, GRUPO C)";"Category name (e.g. GT, GROUP C)";"Nombre de categoría (p. ej. GT, GRUPO C)";"circuits/form";""
"form.nombre_de_la_categoria";"Nombre de la categoría";"Category name";"Nombre de la categoría";"categories/form";""
"form.nombre_que_veras_en_los_catalogos_de_coches_y";"Nombre que verás en los catálogos de coches y carreras.";"Name displayed in car and race catalogs.";"Nombre que verás en los catálogos de coches y carreras.";"categories/form";""
"form.notas_opcional";"Notas (opcional)";"Notes (optional)";"Notas (opcional)";"circuits/form teams/form";""
"form.numero_de_carriles_no_valido_2_8_por_circuito";"Número de carriles no válido (2–8 por circuito).";"Invalid lane count (2–8 per sub-circuit).";"Número de carriles no válido (2–8 por circuito).";"circuits/form";""
"form.numero_de_circuitos";"Número de circuitos:";"Number of circuits:";"Número de circuitos:";"circuits/form";""
"form.pilotos_del_equipo";"Pilotos del equipo";"Team drivers";"Pilotos del equipo";"teams/form";""
"form.quitar_imagen";"Quitar imagen";"Remove image";"Quitar imagen";"circuits/form";""
"form.restablecer";"Restablecer";"Reset";"Restablecer";"circuits/form";""
"form.secuencia_de_carriles_rotacion";"Secuencia de carriles (rotación)";"Lane rotation sequence";"Secuencia de carriles (rotación)";"circuits/form";""
"form.selecciona_un_pais";"Selecciona un país...";"Select a country...";"Selecciona un país...";"teams/form";""
"form.seleccionar_imagen_jpg_png_webp_max_4mb";"📁 Seleccionar imagen (JPG, PNG, WebP — máx 4MB)";"📁 Select image (JPG, PNG, WebP — max 4MB)";"📁 Seleccionar imagen (JPG, PNG, WebP — máx 4MB)";"teams/form";""
"form.sentido_de_las_agujas_del_reloj";"Sentido de las agujas del reloj";"Same as clock hands";"Sentido de las agujas del reloj";"circuits/form";""
"form.sentido_del_circuito";"Sentido del circuito";"Track direction";"Sentido del circuito";"circuits/form";""
"form.subir_foto_del_circuito";"Subir foto del circuito";"Upload circuit photo";"Subir foto del circuito";"circuits/form";""
"form.subir_foto_pon_una_imagen_cenital_de_fondo";"• ""Subir foto"" — pon una imagen cenital de fondo";"• ""Upload photo"" — drop an overhead image as background";"• ""Subir foto"" — pon una imagen cenital de fondo";"circuits/form";""
"form.total";"Total:";"Total:";"Total:";"circuits/form";""
"form.trazado_del_circuito_minimapa";"Trazado del circuito (minimapa)";"Track outline (minimap)";"Trazado del circuito (minimapa)";"circuits/form";""
"form.trazar_a_mano_alzada";"Trazar a mano alzada";"Free-hand trace";"Trazar a mano alzada";"circuits/form";""
"form.usar_colores_propios_en_este_circuito";"Usar colores propios en este circuito";"Use this circuit’s own colors";"Usar colores propios en este circuito";"circuits/form";""
"form.vinculado_a_perfil";"Vinculado a perfil";"Linked to profile";"Vinculado a perfil";"teams/form";""
"form.vista_suave";"Vista suave";"Smooth preview";"Vista suave";"circuits/form";""
"form.volver_a_categorias";"Volver a categorías";"Back to categories";"Volver a categorías";"categories/form";""
"form.volver_a_coches";"Volver a coches";"Back to cars";"Volver a coches";"cars/form";""
"form.volver_a_equipos";"Volver a equipos";"Back to teams";"Volver a equipos";"teams/form";""
"form.volver_a_escenarios";"Volver a escenarios";"Back to scenarios";"Volver a escenarios";"circuits/form";""
"form.vuelta_minima_por_defecto_segundos";"Vuelta mínima por defecto (segundos)";"Default minimum lap (seconds)";"Vuelta mínima por defecto (segundos)";"circuits/form";""
"form.vueltas_minimas_por_categoria_opcional";"Vueltas mínimas por categoría (opcional)";"Per-category minimum laps (optional)";"Vueltas mínimas por categoría (opcional)";"circuits/form";""
"home.carreras_activas";"Carreras activas";"Active races";"Carreras activas";"home";""
"home.carreras_pasadas";"Carreras pasadas";"Past races";"Carreras pasadas";"home";""
"home.consulta_el_estado_de_los_turnos_de_piloto_en";"Consulta el estado de los turnos de piloto en cada carril.";"Check driver shift status on each lane.";"Consulta el estado de los turnos de piloto en cada carril.";"home";""
"home.consulta_resultados_y_estadisticas_de_carreras";"Consulta resultados y estadísticas de carreras finalizadas.";"Browse results and stats of finished races.";"Consulta resultados y estadísticas de carreras finalizadas.";"home";""
"home.en_curso";"en curso";"in progress";"en curso";"home";""
"home.sigue_el_cronometraje_de_la_pole_en_directo";"Sigue el cronometraje de la pole en directo.";"Follow the live pole timing.";"Sigue el cronometraje de la pole en directo.";"home";""
"home.sigue_el_timing_de_tu_equipo_en_directo_desde";"Sigue el timing de tu equipo en directo desde el móvil.";"Follow your team timing live from your phone.";"Sigue el timing de tu equipo en directo desde el móvil.";"home";""
"home.sigue_tu_carrera_y_comparate_con_tus_rivales_en";"Sigue tu carrera y compárate con tus rivales en tiempo real.";"Follow your race and compare with rivals in real time.";"Sigue tu carrera y compárate con tus rivales en tiempo real.";"home";""
"import-preview.accion";"Acción";"Action";"Acción";"";""
"import-preview.actualizar";"Actualizar";"Update";"Actualizar";"";""
"import-preview.actualizar_todos";"↻ Actualizar todos";"↻ Update all";"↻ Actualizar todos";"";""
"import-preview.antes";"antes: ";"was: ";"antes: ";"";""
"import-preview.aplicar_a_todos_los_duplicados";"Aplicar a todos los duplicados";"Apply to all duplicates";"Aplicar a todos los duplicados";"";""
"import-preview.con_errores";"con errores";"with errors";"con errores";"";""
"import-preview.confirmar_importacion";"Confirmar importación";"Confirm import";"Confirmar importación";"";""
"import-preview.crear";"Crear";"Create";"Crear";"";""
"import-preview.crear_duplicado";"Crear duplicado";"Create duplicate";"Crear duplicado";"";""
"import-preview.crear_duplicados";"⧉ Crear duplicados";"⧉ Create as duplicates";"⧉ Crear duplicados";"";""
"import-preview.del_propio_csv";" del propio CSV";" of this CSV";" del propio CSV";"";""
"import-preview.duplicado_en_bd";"Duplicado en BD";"Duplicate in DB";"Duplicado en BD";"";""
"import-preview.duplicados";"duplicados";"duplicates";"duplicados";"";""
"import-preview.existente";"existente: ";"existing: ";"existente: ";"";""
"import-preview.falta_categoria";"Falta categoría";"Missing category";"Falta categoría";"";""
"import-preview.falta_marca_o_modelo";"Falta marca o modelo";"Missing brand or model";"Falta marca o modelo";"";""
"import-preview.fila";"fila ";"row ";"fila ";"";""
"import-preview.filas";"filas";"rows";"filas";"";""
"import-preview.nombre_vacio_o_demasiado_corto";"Nombre vacío o demasiado corto";"Empty or too short name";"Nombre vacío o demasiado corto";"";""
"import-preview.nuevos";"nuevos";"new";"nuevos";"";""
"import-preview.omitir";"Omitir";"Skip";"Omitir";"";""
"import-preview.omitir_todos";"⊘ Omitir todos";"⊘ Skip all";"⊘ Omitir todos";"";""
"import-preview.pais_no_reconocido";"País no reconocido";"Unknown country";"País no reconocido";"";""
"import-preview.previsualizacion";"Previsualización";"Preview";"Previsualización";"";""
"import-preview.previsualizar_importacion_de_coches";"Previsualizar importación de coches";"Import preview — cars";"Previsualizar importación de coches";"";""
"import-preview.previsualizar_importacion_de_equipos";"Previsualizar importación de equipos";"Import preview — teams";"Previsualizar importación de equipos";"";""
"import-preview.previsualizar_importacion_de_pilotos";"Previsualizar importación de pilotos";"Import preview — drivers";"Previsualizar importación de pilotos";"";""
"import-preview.repetido_en_csv";"Repetido en CSV";"Repeated in CSV";"Repetido en CSV";"";""
"lap-corrections.a_mano";"a mano";"manual";"a mano";"";""
"lap-corrections.automatica";"automática";"auto";"automática";"";""
"lap-corrections.bandera";"bandera";"flag-finish";"bandera";"";""
"lap-corrections.calculada_automaticamente_al_cerrar_la_manga";"Calculada automáticamente al cerrar la manga";"Calculated automatically when the heat closed";"Calculada automáticamente al cerrar la manga";"";""
"lap-corrections.carriles_de_la_manga";"Carriles de la manga";"Lanes in this heat";"Carriles de la manga";"";""
"lap-corrections.coma";"Coma";"Fraction";"Coma";"";""
"lap-corrections.corregida_a_mano_automatica";"Corregida a mano. Automática: ";"Corrected by hand. Automatic: ";"Corregida a mano. Automática: ";"";""
"lap-corrections.desde_c";"Desde C";"From L";"Desde C";"";""
"lap-corrections.editar_tiempo";"Editar tiempo";"Edit time";"Editar tiempo";"";""
"lap-corrections.elegir_manga_a_corregir";"Elegir manga a corregir";"Choose heat to correct";"Elegir manga a corregir";"";""
"lap-corrections.eliminar_vuelta_permanentemente";"¿Eliminar vuelta permanentemente?";"Delete lap permanently?";"¿Eliminar vuelta permanentemente?";"";""
"lap-corrections.esta_manga_no_es_la_ultima_que_corrio_esta";"Esta manga no es la última que corrió esta entidad: su coma no decide el desempate.";"Not the last heat this entry raced: its fraction does not decide the tie-break.";"Esta manga no es la última que corrió esta entidad: su coma no decide el desempate.";"";""
"lap-corrections.estimada";"Estimada";"Estimated";"Estimada";"";""
"lap-corrections.falso_positivo";"Falso positivo";"False positive";"Falso positivo";"";""
"lap-corrections.fantasma";"Fantasma";"Ghost";"Fantasma";"";""
"lap-corrections.final_de_bandera";"Final de bandera";"Flag finish";"Final de bandera";"";""
"lap-corrections.fraccion_de_vuelta_al_caer_la_bandera_de_0_a_0";"Fracción de vuelta al caer la bandera (de 0 a 0,99). Vacío = automática.";"Partial lap when the flag fell (0 to 0.99). Empty = automatic.";"Fracción de vuelta al caer la bandera (de 0 a 0,99). Vacío = automática.";"";""
"lap-corrections.fraccion_de_vuelta_al_caer_la_bandera_de_esta";"Fracción de vuelta al caer la bandera de esta manga";"Partial lap when this heat’s flag fell";"Fracción de vuelta al caer la bandera de esta manga";"";""
"lap-corrections.guardar_coma";"Guardar coma";"Save fraction";"Guardar coma";"";""
"lap-corrections.guardar_tiempo";"Guardar tiempo";"Save time";"Guardar tiempo";"";""
"lap-corrections.marcar_como_falso_positivo_nadie_recibe_esta";"¿Marcar como falso positivo (nadie recibe esta vuelta)?";"Mark as false positive (no driver gets this lap)?";"¿Marcar como falso positivo (nadie recibe esta vuelta)?";"";""
"lap-corrections.mover_a_carril";"Mover a carril";"Move to lane";"Mover a carril";"";""
"lap-corrections.mover_a_otro_carril";"Mover a otro carril";"Move to another lane";"Mover a otro carril";"";""
"lap-corrections.movida_a_c";"Movida a C";"Moved to L";"Movida a C";"";""
"lap-corrections.no_decide";"no decide";"no tie";"no decide";"";""
"lap-corrections.nuevo_tiempo_s";"Nuevo tiempo (s)";"New time (s)";"Nuevo tiempo (s)";"";""
"lap-corrections.reloj";"Reloj";"Clock";"Reloj";"";""
"lap-corrections.repuestas";"repuestas";"estimated";"repuestas";"";""
"lap-corrections.restaurar";"Restaurar";"Restore";"Restaurar";"";""
"lap-corrections.salida";"Salida";"Exit";"Salida";"";""
"lap-corrections.sin_carriles_activos";"Sin carriles activos";"No active lanes";"Sin carriles activos";"";""
"lap-corrections.sin_vueltas_registradas_en_este_carril";"Sin vueltas registradas en este carril.";"No laps recorded in this lane.";"Sin vueltas registradas en este carril.";"";""
"lap-corrections.t";"T";"R";"T";"";""
"lap-corrections.vlt";"Vlt";"Lap";"Vlt";"";""
"lap-corrections.volver_a_la_coma_automatica";"Volver a la coma automática";"Back to the automatic fraction";"Volver a la coma automática";"";""
"lap-corrections.vuelta_a_vuelta";"Vuelta a vuelta";"Lap by lap";"Vuelta a vuelta";"";""
"lap-corrections.vuelta_s_de";"vuelta(s) de";"lap(s) of";"vuelta(s) de";"";""
"lap-corrections.vueltas_de_final_de_bandera";"vueltas de final de bandera";"flag-finish laps";"vueltas de final de bandera";"";""
"lap-corrections.vueltas_fantasma";"vueltas fantasma";"ghost laps";"vueltas fantasma";"";""
"lap-corrections.vueltas_registradas";"vueltas registradas";"laps recorded";"vueltas registradas";"";""
"lap-corrections.vueltas_repuestas_estimadas";"vueltas repuestas (estimadas)";"estimated laps";"vueltas repuestas (estimadas)";"";""
"lap.en_vivo";"en vivo";"live";"en vivo";"lap/index";""
"lap.no_hay_carreras_de_resistencia_activas_ahora";"No hay carreras de resistencia activas ahora mismo.";"No endurance races active right now.";"No hay carreras de resistencia activas ahora mismo.";"lap/index";""
"lemans.car";"Car.";"Ln";"Car.";"races/lemans";""
"lemans.equipo_piloto_activo";"Equipo / Piloto activo";"Team / Active driver";"Equipo / Piloto activo";"races/lemans";""
"lemans.media_necesaria_para_subir";"Media necesaria para subir";"Avg needed to climb";"Media necesaria para subir";"races/lemans";""
"lemans.restante";"Restante";"Remaining";"Restante";"races/lemans";""
"lemans.v_proy";"V.Proy";"Proj";"V.Proy";"races/lemans";""
"lemans.vueltas_proyectadas";"Vueltas proyectadas";"Projected laps";"Vueltas proyectadas";"races/lemans";""
"link.busca_las_carreras_del_pc_maestro_por_la_red_y";"Busca las carreras del PC maestro por la red y crea aquí la que vayas a correr.";"Find the master PC races over the network and create here the one you will run.";"Busca las carreras del PC maestro por la red y crea aquí la que vayas a correr.";"link/index";""
"link.buscar_carreras";"Buscar carreras";"Search races";"Buscar carreras";"link/index";""
"link.clave";"Clave";"Key";"Clave";"link/index";""
"link.comparar_ds_bart";"Comparar DS↔BART";"Compare DS↔BART";"Comparar DS↔BART";"link/index";""
"link.contenido_json";"Contenido JSON";"JSON payload";"Contenido JSON";"link/index";""
"link.cronometro_de_este_pc";"Cronómetro de este PC";"This PC timing";"Cronómetro de este PC";"link/index";""
"link.desde_el_maestro";"Desde el maestro";"From the master";"Desde el maestro";"link/index";""
"link.desde_fichero";"Desde fichero";"From a file";"Desde fichero";"link/index";""
"link.direccion_del_esclavo";"Dirección del esclavo";"Slave address";"Dirección del esclavo";"link/index";""
"link.direccion_del_maestro";"Dirección del maestro";"Master address";"Dirección del maestro";"link/index";""
"link.el_mismo_en_los_dos_pcs";"El mismo en los dos PCs.";"The same on both PCs.";"El mismo en los dos PCs.";"link/index";""
"link.enlace_desactivado";"Enlace desactivado";"Link disabled";"Enlace desactivado";"link/index";""
"link.este_pc_es_esclavo_bart";"Este PC es esclavo (BART)";"This PC is slave (BART)";"Este PC es esclavo (BART)";"link/index";""
"link.este_pc_es_maestro_ds";"Este PC es maestro (DS)";"This PC is master (DS)";"Este PC es maestro (DS)";"link/index";""
"link.guardar_enlace";"Guardar enlace";"Save link";"Guardar enlace";"link/index";""
"link.host_o_ip_puerto";"Host o IP:puerto.";"Host or IP:port.";"Host o IP:puerto.";"link/index";""
"link.off_desactivado";"Off (desactivado)";"Off (disabled)";"Off (desactivado)";"link/index";""
"link.rol_de_este_pc";"Rol de este PC";"This PC role";"Rol de este PC";"link/index";""
"link.sin_manga_activa";"sin manga activa";"no active heat";"sin manga activa";"link/index";""
"link.solo_en_el_maestro";"Solo en el maestro.";"Master only.";"Solo en el maestro.";"link/index";""
"link.tandas";"Tandas";"Rounds";"Tandas";"link/index";""
"link.token_compartido";"Token compartido";"Shared token";"Token compartido";"link/index";""
"live-panel-fastest.vueltas_rapidas";"Vueltas Rápidas";"Fastest Laps";"Vueltas Rápidas";"";""
"live-panel-fastest.vueltas_rapidas_por_pista";"Vueltas Rápidas por Pista";"Fastest Laps by Lane";"Vueltas Rápidas por Pista";"";""
"live-panel-track.minimapa";"Minimapa";"Minimap";"Minimapa";"";""
"live-panel-track.minimapa_2";"Minimapa";"Track minimap";"Minimapa";"";""
"live-panel-track.sin_trazado_configurado";"Sin trazado configurado";"No outline configured";"Sin trazado configurado";"";""
"live-panel.clasificacion_general";"Clasificación General";"Overall Standings";"Clasificación General";"";""
"live-panel.media_que_necesitas_en_lo_que_queda_de_carrera";"Media que necesitas en lo que queda de carrera para alcanzar al de delante (— = inalcanzable con el tiempo restante)";"Average pace needed for the rest of the race to catch the car ahead (— = unreachable in the time left)";"Media que necesitas en lo que queda de carrera para alcanzar al de delante (— = inalcanzable con el tiempo restante)";"";""
"live-panel.p_subir";"P/Subir";"To pass";"P/Subir";"";""
"live-panel.tendencia";"Tendencia";"Trend";"Tendencia";"";""
"live-panel.vueltas_proyectadas_totales_al_final_de_la";"Vueltas proyectadas totales al final de la carrera";"Projected total laps at end of race";"Vueltas proyectadas totales al final de la carrera";"";""
"live-stats.cuando_se_de_el_go_a_una_carrera_aparecera_aqui";"Cuando se dé el GO a una carrera, aparecerá aquí automáticamente.";"When a race gets the GO, it will appear here automatically.";"Cuando se dé el GO a una carrera, aparecerá aquí automáticamente.";"";""
"live-stats.no_hay_carreras_creadas_todavia";"No hay carreras creadas todavía.";"No races created yet.";"No hay carreras creadas todavía.";"";""
"live-stats.no_hay_ninguna_carrera_en_directo_ahora_mismo";"No hay ninguna carrera en directo ahora mismo.";"No race is live right now.";"No hay ninguna carrera en directo ahora mismo.";"";""
"live-stats.pole_en_curso";"pole en curso";"pole in progress";"pole en curso";"";""
"live-stats.pole_en_directo";"🏁 Pole en directo";"🏁 Pole live";"🏁 Pole en directo";"";""
"live.abrir_en_ventana";"Abrir en ventana";"Open in window";"Abrir en ventana";"races/live";""
"live.al_final_de_la_carrera";"al final de la carrera";"at the end of the race";"al final de la carrera";"races/live";""
"live.arrancar_entrenamiento";"Arrancar entrenamiento";"Start training";"Arrancar entrenamiento";"training/live";""
"live.arrancar_manga_bart";"Arrancar manga (BART)";"Start heat (BART)";"Arrancar manga (BART)";"races/live";""
"live.arrancar_simulacion";"Arrancar simulación";"Start simulation";"Arrancar simulación";"races/live";""
"live.arrastra_para_redimensionar";"Arrastra para redimensionar";"Drag to resize";"Arrastra para redimensionar";"races/live";""
"live.cada_carril_con_sus_10_ultimas_vueltas";"Cada carril con sus 10 últimas vueltas numeradas y el gráfico de ritmo.";"Each lane with its last 10 numbered laps and the pace chart.";"Cada carril con sus 10 últimas vueltas numeradas y el gráfico de ritmo.";"training/live";""
"live.caja";"caja";"box";"caja";"races/live";""
"live.cambiar_vista";"Cambiar vista";"Change view";"Cambiar vista";"races/live training/live";""
"live.clasificacion_estimada";"CLASIFICACIÓN ESTIMADA";"PROJECTED STANDINGS";"CLASIFICACIÓN ESTIMADA";"races/live";""
"live.clasificacion_general_ventana";"Clasificación general (ventana)";"Overall standings (window)";"Clasificación general (ventana)";"races/live";""
"live.clasificacion_le_mans";"Clasificación Le Mans";"Le Mans standings";"Clasificación Le Mans";"races/live";""
"live.compacta";"Compacta";"Compact";"Compacta";"training/live";""
"live.duracion_de_la_manga_minutos";"Duración de la manga (minutos)";"Heat duration (minutes)";"Duración de la manga (minutos)";"races/live";""
"live.duracion_min";"Duración (min)";"Duration (min)";"Duración (min)";"training/live";""
"live.elige_como_quieres_ver_la_carrera";"Elige cómo quieres ver la carrera";"Choose how to view the race";"Elige cómo quieres ver la carrera";"races/live";""
"live.elige_como_ver_el_entrenamiento";"Elige cómo ver el entrenamiento";"Choose how to view training";"Elige cómo ver el entrenamiento";"training/live";""
"live.en_descanso";"En descanso";"Resting";"En descanso";"training/live";""
"live.filas_horizontales";"Filas horizontales";"Horizontal rows";"Filas horizontales";"races/live";""
"live.gap_v";"GAP V";"GAP L";"GAP V";"races/live";""
"live.gap_v_t";"Gap V.T.";"Gap L.T.";"Gap V.T.";"races/live";""
"live.media";"MEDIA";"AVG";"MEDIA";"races/live";""
"live.mejor";"MEJOR";"BEST";"MEJOR";"races/live";""
"live.minimapa_del_circuito_ventana";"Minimapa del circuito (ventana)";"Track minimap (window)";"Minimapa del circuito (ventana)";"races/live";""
"live.mostrar_ocultar_la_clasificacion_estimada_al";"Mostrar/ocultar la clasificación estimada al lado";"Show/hide projected standings alongside";"Mostrar/ocultar la clasificación estimada al lado";"races/live";""
"live.parar_la_manga_y_borrar_las_vueltas_registradas";"¿Parar la manga y borrar las vueltas registradas?";"Stop the heat and delete recorded laps?";"¿Parar la manga y borrar las vueltas registradas?";"races/live";""
"live.parar_manga_bart";"Parar manga (BART)";"Stop heat (BART)";"Parar manga (BART)";"races/live";""
"live.parar_simulacion";"Parar simulación";"Stop simulation";"Parar simulación";"races/live";""
"live.pausar";"Pausar";"Pause";"Pausar";"training/live";""
"live.pausar_manga";"Pausar manga";"Pause heat";"Pausar manga";"races/live";""
"live.piloto";"PILOTO";"DRIVER";"PILOTO";"races/live";""
"live.prox";"PRÓX.";"NEXT";"PRÓX.";"races/live";""
"live.reanudar";"REANUDAR";"RESUME";"REANUDAR";"races/live training/live";""
"live.reanudar_manga";"Reanudar manga";"Resume heat";"Reanudar manga";"races/live";""
"live.reiniciar_sesion";"Reiniciar sesión";"Reset session";"Reiniciar sesión";"training/live";""
"live.reiniciar_sesion_se_borraran_los_records";"¿Reiniciar sesión? Se borrarán los récords.";"Reset session? Records will be cleared.";"¿Reiniciar sesión? Se borrarán los récords.";"training/live";""
"live.reiniciar_sesion_se_perderan_todos_los_datos";"¿Reiniciar sesión? Se perderán todos los datos.";"Reset session? All data will be lost.";"¿Reiniciar sesión? Se perderán todos los datos.";"training/live";""
"live.repetir";"Repetir";"Repeat";"Repetir";"races/live";""
"live.repetir_esta_manga_se_borraran_las_vueltas";"¿Repetir esta manga? Se borrarán las vueltas registradas.";"Repeat this heat? All recorded laps will be deleted.";"¿Repetir esta manga? Se borrarán las vueltas registradas.";"races/live";""
"live.repetir_manga";"Repetir manga";"Repeat heat";"Repetir manga";"races/live";""
"live.resultados_heats_guardados_de_esta_sesion_y_de";"Resultados: heats guardados de esta sesión y de las anteriores";"Results: saved heats from this and previous sessions";"Resultados: heats guardados de esta sesión y de las anteriores";"training/live";""
"live.tarjetas_con_detalles";"Tarjetas con detalles";"Detailed cards";"Tarjetas con detalles";"races/live";""
"live.tarjetas_con_historial";"Tarjetas con historial";"Cards with history";"Tarjetas con historial";"training/live";""
"live.tendencia_arriba_abajo";"Tendencia (arriba/abajo)";"Trend (up/down)";"Tendencia (arriba/abajo)";"races/live";""
"live.tiempo";"tiempo";"time";"tiempo";"races/live training/live";""
"live.todas_las_pistas_a_la_vez_con_la_ultima_vuelta";"Todas las pistas a la vez, con la última vuelta en grande. Ideal para muchos carriles.";"All lanes at once, with the last lap in large type. Ideal for many lanes.";"Todas las pistas a la vez, con la última vuelta en grande. Ideal para muchos carriles.";"races/live";""
"live.total";"TOTAL";"TOTAL";"TOTAL";"races/live";""
"live.ultima";"ÚLTIMA";"LAST";"ÚLTIMA";"races/live";""
"live.ultima_vuelta_mejor_media_y_record_con_un_ritmo";"Última vuelta, mejor, media y récord con un ritmo en miniatura. Para muchos carriles a la vez.";"Last lap, best, average and record with a tiny pace line. For many lanes at once.";"Última vuelta, mejor, media y récord con un ritmo en miniatura. Para muchos carriles a la vez.";"training/live";""
"live.una_fila_por_carril_recomendado_para_pocos";"Una fila por carril. Recomendado para pocos carriles.";"One row per lane. Recommended for few lanes.";"Una fila por carril. Recomendado para pocos carriles.";"races/live";""
"live.vista";"Vista";"View";"Vista";"races/live training/live";""
"live.vueltas_proyectadas_al_final_de_la_carrera";"Vueltas proyectadas al final de la carrera";"Projected laps at end of race";"Vueltas proyectadas al final de la carrera";"races/live";""
"live.vueltas_proyectadas_respecto_al_primer";"Vueltas proyectadas respecto al primer clasificado";"Projected laps behind the leader";"Vueltas proyectadas respecto al primer clasificado";"races/live";""
"live.vueltas_rapidas";"VUELTAS RÁPIDAS";"FASTEST LAPS";"VUELTAS RÁPIDAS";"races/live";""
"live.vueltas_reales_acumuladas";"Vueltas reales acumuladas";"Actual laps so far";"Vueltas reales acumuladas";"races/live";""
"log.esta_carrera_no_lleva_control_de_neumaticos";"Esta carrera no lleva control de neumáticos.";"This race has no tyre control.";"Esta carrera no lleva control de neumáticos.";"tires/log";""
"log.historial_de_neumaticos";"Historial de neumáticos";"Tyre change log";"Historial de neumáticos";"tires/log";""
"log.volver_al_control_de_neumaticos";"Volver al control de neumáticos";"Back to tyre control";"Volver al control de neumáticos";"tires/log";""
"login.acceso";"Acceso";"Sign in";"Acceso";"login";""
"login.esta_parte_sistema_y_catalogo_esta_protegida";"Esta parte (Sistema y Catálogo) está protegida. Introduce la contraseña de la organización.";"This area (System and Catalog) is protected. Enter the organisers' password.";"Esta parte (Sistema y Catálogo) está protegida. Introduce la contraseña de la organización.";"login";""
"login.volver_al_inicio";"Volver al inicio";"Back to home";"Volver al inicio";"login";""
"manga-edit.descansos";"DESCANSOS";"RESTING";"DESCANSOS";"";""
"manga-edit.editar_manga";"Editar Manga";"Edit Heat";"Editar Manga";"";""
"nav.new_race";"Nueva Carrera";"New Race";"Nueva Carrera";"races/index";""
"nav.races";"Carreras";"Races";"Carreras";"";""
"new.ej_max_verstappen";"Ej: Max Verstappen";"E.g.: Max Verstappen";"Ej: Max Verstappen";"drivers/new";""
"new.guardar_piloto";"Guardar piloto";"Save driver";"Guardar piloto";"drivers/new";""
"pole-lanes.carriles_activos";"Carriles activos";"Active lanes";"Carriles activos";"";""
"pole-lanes.crear_la_tanda";"Crear la tanda";"Create the heat group";"Crear la tanda";"";""
"pole-lanes.crear_las_tandas";"Crear las tandas";"Create the groups";"Crear las tandas";"";""
"pole-lanes.eleccion_de_carril";"Elección de carril";"Lane selection";"Elección de carril";"";""
"pole-lanes.eleccion_de_carriles";"Elección de Carriles";"Lane Selection";"Elección de Carriles";"";""
"pole-lanes.n_de_tandas";"Nº de tandas";"Number of heat groups";"Nº de tandas";"";""
"pole-lanes.si_pole_eleccion_de_carril_en_orden_de";"SI POLE · elección de carril en orden de clasificación";"Pole order lane selection";"SI POLE · elección de carril en orden de clasificación";"";""
"pole-lanes.tanda";"Tanda";"Group";"Tanda";"";""
"pole-results.asignar_carriles_de_salida";"Asignar carriles de salida";"Assign starting lanes";"Asignar carriles de salida";"";""
"pole-results.clasificacion_final";"Clasificación final";"Final classification";"Clasificación final";"";""
"pole-results.editar_tiempos";"Editar tiempos";"Edit times";"Editar tiempos";"";""
"pole-results.ej_8_456";"ej: 8.456";"e.g. 8.456";"ej: 8.456";"";""
"pole-results.formato_8_456_o_1_08_456";"— formato: 8.456 ó 1:08.456";"— format: 8.456 or 1:08.456";"— formato: 8.456 ó 1:08.456";"";""
"pole-results.guardar_tiempos";"Guardar tiempos";"Save times";"Guardar tiempos";"";""
"pole-results.pole_completada";"Pole completada";"Pole done";"Pole completada";"";""
"pole-results.resultados_pole";"Resultados Pole";"Pole Results";"Resultados Pole";"";""
"pole-results.resultados_pole_position";"Resultados Pole Position";"Pole Position Results";"Resultados Pole Position";"";""
"pole-setup.acotar_aleatorio_a_circuito";"Acotar aleatorio a circuito:";"Limit random to circuit:";"Acotar aleatorio a circuito:";"";""
"pole-setup.aleatorio";"Aleatorio";"Random";"Aleatorio";"";""
"pole-setup.configurar_pole_position";"Configurar Pole Position";"Setup Pole Position";"Configurar Pole Position";"";""
"pole-setup.empezar_pole";"Empezar Pole";"Start Pole";"Empezar Pole";"";""
"pole-setup.iniciar_pole_position";"Iniciar Pole Position";"Start Pole Position";"Iniciar Pole Position";"";""
"pole-timing.bloqueado_ya_hay_tiempos";"Bloqueado: ya hay tiempos";"Locked: times recorded";"Bloqueado: ya hay tiempos";"";""
"pole-timing.bloqueado_ya_hay_tiempos_registrados_la_regla";"Bloqueado: ya hay tiempos registrados, la regla no puede cambiar a mitad de pole";"Locked: times already recorded, the rule cannot change mid-session";"Bloqueado: ya hay tiempos registrados, la regla no puede cambiar a mitad de pole";"";""
"pole-timing.cambio_automatico_de_piloto";"Cambio automático de piloto";"Automatic pilot change";"Cambio automático de piloto";"";""
"pole-timing.clasificacion_en_vivo";"Clasificación en vivo";"Live standings";"Clasificación en vivo";"";""
"pole-timing.completados";"completados";"completed";"completados";"";""
"pole-timing.en_pista_ahora";"En pista ahora";"On track now";"En pista ahora";"";""
"pole-timing.iniciar";"Iniciar";"Start";"Iniciar";"";""
"pole-timing.mejor_del_piloto";"Mejor del piloto";"Pilot's best";"Mejor del piloto";"";""
"pole-timing.omitir_1er_cruce_out_lap";"Omitir 1er cruce (out-lap)";"Skip 1st crossing (out-lap)";"Omitir 1er cruce (out-lap)";"";""
"pole-timing.orden_de_salida";"Orden de salida";"Start order";"Orden de salida";"";""
"pole-timing.piloto_en_pista";"Piloto en pista";"Pilot on track";"Piloto en pista";"";""
"pole-timing.pole_position_cronometraje";"Pole Position — Cronometraje";"Pole Position — Timing";"Pole Position — Cronometraje";"";""
"pole-timing.progreso_de_la_sesion";"Progreso de la sesión";"Session progress";"Progreso de la sesión";"";""
"pole-timing.si_esta_activo_el_primer_cruce_de_cada_piloto";"Si está activo, el primer cruce de cada piloto (out-lap) no cuenta";"When on, each driver's first crossing (out-lap) is ignored";"Si está activo, el primer cruce de cada piloto (out-lap) no cuenta";"";""
"pole-timing.siguiente";"Siguiente";"Next";"Siguiente";"";""
"pole-timing.tiempo_restante";"Tiempo restante";"Time left";"Tiempo restante";"";""
"pole-timing.true";"true";"false";"true";"";""
"qr-all.imprimir_todos";"Imprimir todos";"Print all";"Imprimir todos";"";""
"qr-all.no_hay_pilotos_con_qr";"No hay pilotos con QR.";"No drivers with QR.";"No hay pilotos con QR.";"";""
"qr-by-team.imprimir_todo";"Imprimir todo";"Print all";"Imprimir todo";"";""
"qr-by-team.no_hay_equipos";"No hay equipos.";"No teams.";"No hay equipos.";"";""
"qr-by-team.sin_perfil";"sin perfil";"no profile";"sin perfil";"";""
"qr-by-team.sin_pilotos";"Sin pilotos.";"No drivers.";"Sin pilotos.";"";""
"race-shifts.abierto";"abierto";"open";"abierto";"";""
"race-shifts.cerrado";"Cerrado";"Closed";"Cerrado";"";""
"race-shifts.control_en_vivo";"Control en vivo";"Live control";"Control en vivo";"";""
"race-shifts.duracion";"Duración";"Duration";"Duración";"";""
"race-shifts.fin";"Fin";"End";"Fin";"";""
"race-shifts.historico_de_turnos";"Histórico de turnos";"Shifts history";"Histórico de turnos";"";""
"race-shifts.informe_final";"Informe final";"Final report";"Informe final";"";""
"race-shifts.inicio";"Inicio";"Start";"Inicio";"";""
"race-shifts.max";"Máx.";"Max";"Máx.";"";""
"race-shifts.min";"Mín.";"Min";"Mín.";"";""
"race-shifts.no_aplica";"No aplica";"Not applicable";"No aplica";"";""
"race-shifts.sin_turnos";"Sin turnos.";"No shifts.";"Sin turnos.";"";""
"race.back_to_list";"Volver a la lista";"Back to list";"Volver a la lista";"races/pole-results races/pole-setup races/pole-timing races/show races/tanda-new";""
"race.bancada";"Bancada";"Motor pod";"Bancada";"verifications/race";""
"race.chasis";"Chasis";"Chassis";"Chasis";"verifications/race";""
"race.copa";"Copa";"Class";"Copa";"verifications/race";""
"race.corona";"Corona";"Crown";"Corona";"verifications/race";""
"race.delete";"Eliminar carrera";"Delete race";"Eliminar carrera";"races/show";""
"race.delete_confirm";"¿Seguro que quieres eliminar esta carrera? Esta acción no se puede deshacer.";"Are you sure you want to delete this race? This action cannot be undone.";"¿Seguro que quieres eliminar esta carrera? Esta acción no se puede deshacer.";"races/show";""
"race.details";"Detalles";"Details";"Detalles";"";""
"race.dotacion";"Dotación:";"Allowance:";"Dotación:";"tires/race";""
"race.drivers";"Pilotos";"Drivers";"Pilotos";"";""
"race.especificaciones";"Especificaciones";"Specs";"Especificaciones";"verifications/race";""
"race.esta_carrera_no_lleva_control_de_neumaticos";"Esta carrera no lleva control de neumáticos";"This race has no tyre control";"Esta carrera no lleva control de neumáticos";"tires/race";""
"race.esta_pagina_se_activara_automaticamente_cuando";"Esta página se activará automáticamente cuando arranque una carrera con control de neumáticos.";"This page activates automatically when an endurance race with tyre control starts.";"Esta página se activará automáticamente cuando arranque una carrera con control de neumáticos.";"tires/race";""
"race.fotos_de_verificacion";"Fotos de verificación";"Verification photos";"Fotos de verificación";"verifications/race";""
"race.kiosco_carrera_activa";"Kiosco (carrera activa)";"Kiosk (active race)";"Kiosco (carrera activa)";"tires/race";""
"race.la_dotacion_de_neumaticos_por_equipo_se_fija_al";"La dotación de neumáticos por equipo se fija al crear una carrera de resistencia (valor 0 = sin control).";"Tyre allowance per team is set when creating an endurance race (0 = no control).";"La dotación de neumáticos por equipo se fija al crear una carrera de resistencia (valor 0 = sin control).";"tires/race";""
"race.lane";"Carril";"Lane";"Carril";"";""
"race.llanta_del";"Llanta del.";"Front rim";"Llanta del.";"verifications/race";""
"race.llanta_tra";"Llanta tra.";"Rear rim";"Llanta tra.";"verifications/race";""
"race.members";"Integrantes";"Members";"Integrantes";"";""
"race.modelo_coche";"Modelo coche";"Car model";"Modelo coche";"verifications/race";""
"race.motor";"Motor";"Engine";"Motor";"verifications/race";""
"race.neumatico";"Neumático";"Tyre";"Neumático";"verifications/race";""
"race.no_hay_fotos_registradas";"No hay fotos registradas.";"No photos recorded.";"No hay fotos registradas.";"verifications/race";""
"race.no_hay_ninguna_carrera_de_resistencia_activa";"No hay ninguna carrera de resistencia activa";"No active endurance race";"No hay ninguna carrera de resistencia activa";"tires/race";""
"race.nota";"Nota";"Note";"Nota";"tires/race";""
"race.opcional";"opcional";"optional";"opcional";"tires/race";""
"race.peso_carroceria";"Peso carrocería";"Body weight";"Peso carrocería";"verifications/race";""
"race.peso_completo";"Peso completo";"Full weight";"Peso completo";"verifications/race";""
"race.pesos";"Pesos";"Weights";"Pesos";"verifications/race";""
"race.pinon";"Piñón";"Pinion";"Piñón";"verifications/race";""
"race.start";"Iniciar carrera";"Start race";"Iniciar carrera";"";""
"race.status";"Estado";"Status";"Estado";"";""
"race.suspension";"Suspensión";"Suspension";"Suspensión";"verifications/race";""
"race.teams";"Equipos";"Teams";"Equipos";"";""
"race.tiempo_mm_ss";"Tiempo (mm:ss)";"Time (mm:ss)";"Tiempo (mm:ss)";"tires/race";""
"race.todavia_no_se_ha_enviado_ninguna_verificacion";"Todavía no se ha enviado ninguna verificación";"No verifications sent yet";"Todavía no se ha enviado ninguna verificación";"verifications/race";""
"race.transmision_y_ruedas";"Transmisión y ruedas";"Drivetrain & wheels";"Transmisión y ruedas";"verifications/race";""
"race.trencilla";"Trencilla";"Braid";"Trencilla";"verifications/race";""
"race.validada";"Validada";"Validated";"Validada";"verifications/race";""
"race.verificacion_es";"verificación(es)";"verification(s)";"verificación(es)";"verifications/race";""
"race.verificaciones_tecnicas";"Verificaciones técnicas";"Scrutineering";"Verificaciones técnicas";"verifications/race";""
"races.buscar_carrera";"Buscar carrera…";"Search race…";"Buscar carrera…";"races/index";""
"races.carrera_simulada";"Carrera simulada";"Simulated race";"Carrera simulada";"races/index";""
"races.create_first";"Crea tu primera carrera";"Create your first race";"Crea tu primera carrera";"races/index";""
"races.created";"Creada";"Created";"Creada";"";""
"races.drivers";"Pilotos";"Drivers";"Pilotos";"races/index";""
"races.fecha_antiguas";"Fecha (antiguas)";"Date (oldest)";"Fecha (antiguas)";"races/index";""
"races.fecha_recientes";"Fecha (recientes)";"Date (recent)";"Fecha (recientes)";"races/index";""
"races.format.individual";"Individual";"Individual";"Individual";"races/index";""
"races.format.team";"Por Equipos";"Team";"Por Equipos";"races/index";""
"races.importar_tanda";"Importar tanda";"Import tanda";"Importar tanda";"races/index";""
"races.lanes";"Carriles";"Lanes";"Carriles";"races/index races/new-step1 races/new-step3-sequence races/show races/tanda-new";""
"races.n_de_pilotos";"Nº de pilotos";"Drivers";"Nº de pilotos";"races/index";""
"races.no_races";"No hay carreras registradas";"No races registered yet";"No hay carreras registradas";"races/index";""
"races.ordenar";"Ordenar";"Sort";"Ordenar";"races/index";""
"races.panel_de_simulacion";"Panel de simulación";"Simulation panel";"Panel de simulación";"races/index";""
"races.status.active";"En curso";"Active";"En curso";"races/index";""
"races.status.completed";"Completada";"Completed";"Completada";"races/index";""
"races.status.finished";"Finalizada";"Finished";"Finalizada";"";""
"races.status.pending";"Pendiente";"Pending";"Pendiente";"races/index";""
"races.teams";"Equipos";"Teams";"Equipos";"";""
"races.title";"Carreras";"Races";"Carreras";"races/index";""
"races.type.championship";"Resistencia";"Endurance";"Resistencia";"";""
"races.type.club";"Sprint";"Sprint";"Sprint";"";""
"results-index.buscar_carrera_equipo_o_piloto";"Buscar carrera, equipo o piloto…";"Search race, team or driver…";"Buscar carrera, equipo o piloto…";"";""
"results-index.carreras_finalizadas_clasificacion_estadisticas";"Carreras finalizadas: clasificación, estadísticas y vueltas de cada una.";"Finished races: standings, statistics and laps for each one.";"Carreras finalizadas: clasificación, estadísticas y vueltas de cada una.";"";""
"results-index.cuando_termine_un_heat_aparecera_aqui";"Cuando termine un heat, aparecerá aquí.";"When a heat finishes, it will show up here.";"Cuando termine un heat, aparecerá aquí.";"";""
"results-index.cuando_una_carrera_termine_sus_resultados";"Cuando una carrera termine, sus resultados aparecerán aquí.";"When a race finishes, its results will show up here.";"Cuando una carrera termine, sus resultados aparecerán aquí.";"";""
"results-index.ninguna_carrera_coincide_con_la_busqueda";"Ninguna carrera coincide con la búsqueda.";"No race matches your search.";"Ninguna carrera coincide con la búsqueda.";"";""
"results-index.participantes";"participantes";"participants";"participantes";"";""
"results-index.pilotos";"pilotos";"drivers";"pilotos";"";""
"results-index.sin_vueltas_registradas";"Sin vueltas registradas";"No laps recorded";"Sin vueltas registradas";"";""
"results-index.todavia_no_hay_carreras_finalizadas";"Todavía no hay carreras finalizadas";"No finished races yet";"Todavía no hay carreras finalizadas";"";""
"results-index.todavia_no_hay_entrenos_guardados";"Todavía no hay entrenos guardados.";"No saved training sessions yet.";"Todavía no hay entrenos guardados.";"";""
"results-index.ultima";"Última";"Latest";"Última";"";""
"results-index.v";"v";"laps";"v";"";""
"results-index.ver_resultados";"Ver resultados";"View results";"Ver resultados";"";""
"results-index.vuelta_rapida_de_la_carrera";"Vuelta rápida de la carrera";"Fastest lap of the race";"Vuelta rápida de la carrera";"";""
"results-show.borrar_este_entreno_no_se_puede_deshacer";"¿Borrar este entreno? No se puede deshacer.";"Delete this session? This cannot be undone.";"¿Borrar este entreno? No se puede deshacer.";"";""
"results-show.entreno_competitivo";"Entreno competitivo";"Competition training";"Entreno competitivo";"";""
"results-show.heat_a_heat";"Heat a heat";"Heat by heat";"Heat a heat";"";""
"results-show.media";"Media";"Average";"Media";"";""
"results-show.resultados_del_entreno";"Resultados del entreno";"Training results";"Resultados del entreno";"";""
"results-show.todos_los_entrenos";"Todos los entrenos";"All sessions";"Todos los entrenos";"";""
"results.activa";"Activa";"Active";"Activa";"races/results";""
"results.carril_de_inicio";"Carril de inicio";"Starting lane";"Carril de inicio";"races/results";""
"results.carril_de_la_vuelta_rapida";"Carril de la vuelta rápida";"Fast lap lane";"Carril de la vuelta rápida";"races/results";""
"results.comparar_con";"Comparar con:";"Compare with:";"Comparar con:";"races/results";""
"results.comparar_equipos_elige_2_4_vacio_todos_vs_lider";"Comparar equipos (elige 2–4; vacío = todos vs líder)";"Compare teams (pick 2–4; empty = all vs leader)";"Comparar equipos (elige 2–4; vacío = todos vs líder)";"races/results";""
"results.comparativa";"Comparativa";"Comparison";"Comparativa";"races/results";""
"results.completa_al_menos_una_manga_para_ver_el_resto";"Completa al menos una manga para ver el resto de resultados.";"Complete at least one heat to see the rest of the results.";"Completa al menos una manga para ver el resto de resultados.";"races/results";""
"results.completa_al_menos_una_manga_para_ver_resultados";"Completa al menos una manga para ver resultados.";"Complete at least one heat to see results.";"Completa al menos una manga para ver resultados.";"races/results";""
"results.con_salidas_pit_stops";"Con salidas/pit-stops";"With exits/pit-stops";"Con salidas/pit-stops";"races/results";""
"results.const_sin";"Const. sin";"Const. clean";"Const. sin";"races/results";""
"results.delta_vs_media";"Delta vs media";"Delta vs avg";"Delta vs media";"races/results";""
"results.descarga_un_index_html_autocontenido_para";"Descarga un index.html autocontenido para publicar en GitHub Pages";"Download a self-contained index.html to publish on GitHub Pages";"Descarga un index.html autocontenido para publicar en GitHub Pages";"races/results";""
"results.desde_manga";"Desde manga";"From heat";"Desde manga";"races/results";""
"results.equipo_piloto";"Equipo/piloto:";"Team/driver:";"Equipo/piloto:";"races/results";""
"results.equipos_pilotos_compara";"Equipos / Pilotos (compara)";"Teams / Drivers (compare)";"Equipos / Pilotos (compara)";"races/results";""
"results.estadisticas_avanzadas";"Estadísticas avanzadas";"Advanced stats";"Estadísticas avanzadas";"races/results";""
"results.exportar_a_excel";"Exportar a Excel";"Export to Excel";"Exportar a Excel";"races/results";""
"results.exportar_para_area_corse_it_csv_de_resultados";"Exportar para area-corse.it (CSV de resultados, Italia)";"Export for area-corse.it (results CSV, Italy)";"Exportar para area-corse.it (CSV de resultados, Italia)";"races/results";""
"results.exportar_para_github";"Exportar para GitHub";"Export for GitHub";"Exportar para GitHub";"races/results";""
"results.exportar_para_pitwall_control_csv_tictacslot";"Exportar para PitWall Control (CSV TicTacSlot)";"Export for PitWall Control (TicTacSlot CSV)";"Exportar para PitWall Control (CSV TicTacSlot)";"races/results";""
"results.exportar_puntos_csv";"Exportar puntos (CSV)";"Export points (CSV)";"Exportar puntos (CSV)";"races/results";""
"results.exportar_puntos_de_clasificacion_excel";"Exportar puntos de clasificación (Excel)";"Export classification points (Excel)";"Exportar puntos de clasificación (Excel)";"races/results";""
"results.gap_al_lider";"Gap al líder";"Gap to leader";"Gap al líder";"races/results";""
"results.gap_rejilla";"Gap (rejilla)";"Gap (grid)";"Gap (rejilla)";"races/results";""
"results.guardar_como_pdf";"Guardar como PDF";"Save as PDF";"Guardar como PDF";"races/results";""
"results.hasta_manga";"Hasta manga";"To heat";"Hasta manga";"races/results";""
"results.media_gen_mejor_med";"Media gen / Mejor med";"Avg / Best avg";"Media gen / Mejor med";"races/results";""
"results.mejor_media_de_carril";"Mejor media de carril";"Best lane average";"Mejor media de carril";"races/results";""
"results.mostrar";"Mostrar";"Show";"Mostrar";"races/results";""
"results.ninguno";"Ninguno";"None";"Ninguno";"races/results";""
"results.pend";"Pend.";"Pend.";"Pend.";"races/results";""
"results.piloto_del_carril";"Piloto del carril";"Lane driver";"Piloto del carril";"races/results";""
"results.piloto_del_carril_en_esta_manga";"Piloto del carril en esta manga";"Lane driver in this heat";"Piloto del carril en esta manga";"races/results";""
"results.pinos";"Piños";"Crashes";"Piños";"races/results";""
"results.pista";"Pista";"Lane";"Pista";"races/results";""
"results.pit_stops";"Pit stops";"Pit stops";"Pit stops";"races/results";""
"results.pit_stops_2";"Pit-stops";"Pit-stops";"Pit-stops";"races/results";""
"results.posicion_proyectada";"Posición (proyectada)";"Position (projected)";"Posición (proyectada)";"races/results";""
"results.posiciones";"Posiciones";"Positions";"Posiciones";"races/results";""
"results.progresion";"Progresión";"Progression";"Progresión";"races/results";""
"results.puntos_csv";"Puntos (csv)";"Points (csv)";"Puntos (csv)";"races/results";""
"results.puntos_xlsx";"Puntos (xlsx)";"Points (xlsx)";"Puntos (xlsx)";"races/results";""
"results.sale";"Sale";"Start";"Sale";"races/results";""
"results.salida";"salida";"exit";"salida";"races/results";""
"results.siempre_todas_las_mangas";"Siempre todas las mangas";"Always all heats";"Siempre todas las mangas";"races/results";""
"results.sin_comparar";"— Sin comparar —";"— None —";"— Sin comparar —";"races/results";""
"results.sin_datos_todavia";"Sin datos todavía";"No data yet";"Sin datos todavía";"races/results";""
"results.tandas";"tandas";"rounds";"tandas";"races/results";""
"results.tiempo_de_carrera_min";"Tiempo de carrera (min)";"Race time (min)";"Tiempo de carrera (min)";"races/results";""
"results.vuelta_rapida_de_la_carrera";"Vuelta rápida de la carrera";"Race fastest lap";"Vuelta rápida de la carrera";"races/results";""
"results.vuelta_rapida_del_carril";"Vuelta rápida del carril";"Lane fastest lap";"Vuelta rápida del carril";"races/results";""
"results.vueltas_tras_el_lider";"Vueltas tras el líder";"Laps behind leader";"Vueltas tras el líder";"races/results";""
"settings.activar_con_esta_contrasena";"Activar con esta contraseña";"Enable with this password";"Activar con esta contraseña";"settings/index";""
"settings.anade_el_subdominio_p_ej_directo_miclub_com";"añade el subdominio (p. ej. directo.miclub.com) apuntando a";"add the subdomain (e.g. live.myclub.com) pointing at";"añade el subdominio (p. ej. directo.miclub.com) apuntando a";"settings/index";""
"settings.anadir_circuito";"Añadir circuito";"Add circuit";"Añadir circuito";"settings/index";""
"settings.anadir_master";"Añadir Master";"Add Master";"Añadir Master";"settings/index";""
"settings.arrancar_el_tunel_automaticamente_con_pitwall";"Arrancar el túnel automáticamente con PitWall";"Start the tunnel automatically with PitWall";"Arrancar el túnel automáticamente con PitWall";"settings/index";""
"settings.arrancar_tunel";"Arrancar túnel";"Start tunnel";"Arrancar túnel";"settings/index";""
"settings.automatica_recomendado";"Automática (recomendado)";"Automatic (recommended)";"Automática (recomendado)";"settings/index";""
"settings.avanzado_timing_del_parser_ds_300";"Avanzado: timing del parser DS-300";"Advanced: DS-300 parser timing";"Avanzado: timing del parser DS-300";"settings/index";""
"settings.avanzado_todo";"Avanzado (todo)";"Advanced (everything)";"Avanzado (todo)";"settings/index";""
"settings.basico_el_inicio_solo_muestra_entreno_libre";"Básico: el inicio solo muestra entreno libre, carrera sprint, resultados, categorías, escenarios y ajustes. Avanzado: todos los accesos. Se guarda al momento.";"Basic: home only shows free practice, sprint race, results, categories, scenarios and settings. Advanced: every shortcut. Saved instantly.";"Básico: el inicio solo muestra entreno libre, carrera sprint, resultados, categorías, escenarios y ajustes. Avanzado: todos los accesos. Se guarda al momento.";"settings/index";""
"settings.buscar_puertos";"Buscar puertos";"Refresh ports";"Buscar puertos";"settings/index";""
"settings.buscar_puertos_com";"Buscar puertos COM";"Search COM ports";"Buscar puertos COM";"settings/index";""
"settings.cambiar_contrasena";"Cambiar contraseña";"Change password";"Cambiar contraseña";"settings/index";""
"settings.carriles_a_simular";"Carriles a simular";"Lanes to simulate";"Carriles a simular";"settings/index";""
"settings.cerrar_sesion";"Cerrar sesión";"Sign out";"Cerrar sesión";"settings/index";""
"settings.certificado_en_los_dispositivos";"Certificado en los dispositivos";"Certificate on devices";"Certificado en los dispositivos";"settings/index";""
"settings.circuitos";" circuitos · ";" circuits · ";" circuitos · ";"settings/index";""
"settings.circuitos_ds_300";"Circuitos DS-300";"DS-300 circuits";"Circuitos DS-300";"settings/index";""
"settings.clasificacion_estimada_recomendado";"Clasificación estimada (recomendado)";"Projected standings (recommended)";"Clasificación estimada (recomendado)";"settings/index";""
"settings.cloudflare_propio_token_del_club";"Cloudflare propio — token del club";"Own Cloudflare — club token";"Cloudflare propio — token del club";"settings/index";""
"settings.colores_de_carril";"Colores de carril";"Lane colors";"Colores de carril";"settings/index";""
"settings.colores_de_fabrica";"Colores de fábrica";"Factory colors";"Colores de fábrica";"settings/index";""
"settings.como_configurarlo_una_sola_vez";"Cómo configurarlo (una sola vez)";"How to set it up (one time)";"Cómo configurarlo (una sola vez)";"settings/index";""
"settings.como_prefieres_ver_la_informacion_de_la_carrera";"Cómo prefieres ver la información de la carrera.";"How you prefer to see race information.";"Cómo prefieres ver la información de la carrera.";"settings/index";""
"settings.como_se_ordenan_tarjetas_y_filas_y_que_posicion";"Cómo se ordenan tarjetas y filas, y qué posición (P.x) muestra cada equipo o piloto. La clasificación estimada del panel lateral no cambia.";"How cards and rows are ordered, and which position (P.x) each team or driver shows. The projected standings side panel does not change.";"Cómo se ordenan tarjetas y filas, y qué posición (P.x) muestra cada equipo o piloto. La clasificación estimada del panel lateral no cambia.";"settings/index";""
"settings.compatibilidad_infolap";"Compatibilidad Infolap";"Infolap compatibility";"Compatibilidad Infolap";"settings/index";""
"settings.comprobando";"Comprobando…";"Checking…";"Comprobando…";"settings/index";""
"settings.conectado";"Conectado";"Connected";"Conectado";"settings/index";""
"settings.conexion_con_apps_de_terceros";"Conexión con apps de terceros.";"Connection with third-party apps.";"Conexión con apps de terceros.";"settings/index";""
"settings.configuracion";"Configuración";"Settings";"Configuración";"settings/index";""
"settings.contrasena_nueva";"Contraseña nueva";"New password";"Contraseña nueva";"settings/index";""
"settings.copia_el";"Copia el";"Copy the";"Copia el";"settings/index";""
"settings.correccion_manual_de_la_coma";"Corrección manual de la coma";"Manual correction of the fraction";"Corrección manual de la coma";"settings/index";""
"settings.cronometro_bart_ble";"Cronómetro BART (BLE)";"BART timer (BLE)";"Cronómetro BART (BLE)";"settings/index";""
"settings.cronometro_ble_slot_it_policar_via_puente";"Cronómetro BLE (Slot.it/Policar) vía puente.";"BLE timer (Slot.it/Policar) via bridge.";"Cronómetro BLE (Slot.it/Policar) vía puente.";"settings/index";""
"settings.cuenta_gratuita_con_tu_dominio_ya_anadido_a";"(cuenta gratuita) con tu dominio ya añadido a Cloudflare.";"(free account) with your domain already added to Cloudflare.";"(cuenta gratuita) con tu dominio ya añadido a Cloudflare.";"settings/index";""
"settings.dale_un_nombre_p_ej_el_del_club";"dale un nombre (p. ej. el del club).";"give it a name (e.g. your club).";"dale un nombre (p. ej. el del club).";"settings/index";""
"settings.de_donde_llegan_las_vueltas";"De dónde llegan las vueltas.";"Where laps come from.";"De dónde llegan las vueltas.";"settings/index";""
"settings.del_conector_la_cadena_larga_que_empieza_por";"del conector (la cadena larga que empieza por «eyJ…») y pégalo arriba.";"from the connector (the long string starting with “eyJ…”) and paste it above.";"del conector (la cadena larga que empieza por «eyJ…») y pégalo arriba.";"settings/index";""
"settings.desactivado";"Desactivado";"Disabled";"Desactivado";"settings/index";""
"settings.descargar_ca";"Descargar CA";"Download CA";"Descargar CA";"settings/index";""
"settings.descartar";"Descartar";"Discard";"Descartar";"settings/index";""
"settings.diagnostico";"Diagnóstico";"Diagnostics";"Diagnóstico";"settings/index";""
"settings.diagnostico_de_mangas";"Diagnóstico de mangas";"Manga diagnostics";"Diagnóstico de mangas";"settings/index";""
"settings.direcciones_ahora";"Direcciones ahora";"Addresses now";"Direcciones ahora";"settings/index";""
"settings.directo";"directo";"direct";"directo";"settings/index";""
"settings.dominio_publico";"Dominio público";"Public hostname";"Dominio público";"settings/index";""
"settings.ds_300_agrupador";"DS-300 agrupador";"DS-300 aggregator";"DS-300 agrupador";"settings/index";""
"settings.el_escaner_qr_del_control_de_pilotos_usa_la";"El escáner QR del control de pilotos usa la cámara, y el navegador solo la deja usar por HTTPS en los móviles y tablets que entran por la IP. PitWall sirve HTTPS con un certificado propio, en paralelo al HTTP normal.";"The driver-control QR scanner uses the camera, which browsers only allow over HTTPS on phones/tablets connecting by IP. PitWall serves HTTPS with its own certificate, alongside normal HTTP.";"El escáner QR del control de pilotos usa la cámara, y el navegador solo la deja usar por HTTPS en los móviles y tablets que entran por la IP. PitWall sirve HTTPS con un certificado propio, en paralelo al HTTP normal.";"settings/index";""
"settings.en";"En";"Under";"En";"settings/index";""
"settings.entra_en_el";"Entra en el";"Open the";"Entra en el";"settings/index";""
"settings.espera_de_cruces_tras_el_final_s";"Espera de cruces tras el final (s)";"Wait for crossings after the end (s)";"Espera de cruces tras el final (s)";"settings/index";""
"settings.filtro_anti_rebote_del_hardware_descarta_cruces";"Filtro anti-rebote del hardware: descarta cruces más rápidos que esto";"Hardware debounce: drops crossings faster than this";"Filtro anti-rebote del hardware: descarta cruces más rápidos que esto";"settings/index";""
"settings.fuente_de_datos";"Fuente de datos";"Data source";"Fuente de datos";"settings/index";""
"settings.genera_una_url_aleatoria_trycloudflare_com_al";"Genera una URL aleatoria *.trycloudflare.com al arrancar (cambia en cada arranque). Ideal para probar o para un evento puntual.";"Generates a random *.trycloudflare.com URL on start (changes every start). Great for testing or one-off events.";"Genera una URL aleatoria *.trycloudflare.com al arrancar (cambia en cada arranque). Ideal para probar o para un evento puntual.";"settings/index";""
"settings.genera_vueltas_aleatorias_ideal_para_pruebas";"Genera vueltas aleatorias. Ideal para pruebas.";"Generates random laps. Ideal for testing.";"Genera vueltas aleatorias. Ideal para pruebas.";"settings/index";""
"settings.guardar_colores";"Guardar colores";"Save colors";"Guardar colores";"settings/index";""
"settings.guardar_y_aplicar";"Guardar y aplicar";"Save & apply";"Guardar y aplicar";"settings/index";""
"settings.guia_oficial_de_cloudflare_crear_un_tunel_remoto";"Guía oficial de Cloudflare (crear un túnel remoto)";"Official Cloudflare guide (create a remote tunnel)";"Guía oficial de Cloudflare (crear un túnel remoto)";"settings/index";""
"settings.herramientas_para_investigar_un_problema";"Herramientas para investigar un problema.";"Tools to investigate a problem.";"Herramientas para investigar un problema.";"settings/index";""
"settings.historial_de_vueltas_en_entrenos";"Historial de vueltas en entrenos";"Practice lap history";"Historial de vueltas en entrenos";"settings/index";""
"settings.https_local";"HTTPS local";"Local HTTPS";"HTTPS local";"settings/index";""
"settings.huella_sha_256_de_la_ca";"Huella SHA-256 de la CA:";"CA SHA-256 fingerprint:";"Huella SHA-256 de la CA:";"settings/index";""
"settings.informativo_p_ej_directo_miclub_com";"Informativo, p. ej. directo.miclub.com";"Informational, e.g. live.myclub.com";"Informativo, p. ej. directo.miclub.com";"settings/index";""
"settings.instalar_certificado_guia";"Instalar certificado (guía)";"Install certificate (guide)";"Instalar certificado (guía)";"settings/index";""
"settings.instalar_cloudflared";"Instalar cloudflared";"Install cloudflared";"Instalar cloudflared";"settings/index";""
"settings.integraciones";"Integraciones";"Integrations";"Integraciones";"settings/index";""
"settings.interfaz_de_red";"Interfaz de red";"Network interface";"Interfaz de red";"settings/index";""
"settings.ips_o_rangos_permitidos";"IPs o rangos permitidos";"Allowed IPs or ranges";"IPs o rangos permitidos";"settings/index";""
"settings.la_app_movil_de_tic_tac_slot_infolap_se_conecta";"La app móvil de Tic Tac Slot Infolap se conecta a PitWall y recibe vueltas en directo. Abre UDP :4441.";"The Tic Tac Slot Infolap mobile app connects to PitWall and receives live laps. Opens UDP :4441.";"La app móvil de Tic Tac Slot Infolap se conecta a PitWall y recibe vueltas en directo. Abre UDP :4441.";"settings/index";""
"settings.la_coma_la_fraccion_de_vuelta_de_cada_coche_al";"La coma (la fracción de vuelta de cada coche al caer la bandera) se calcula sola. Actívalo para poder corregirla a mano por carril en la pantalla de correcciones de una manga cerrada; la coma corregida manda en el desempate a igualdad de vueltas. Se guarda al momento.";"The fraction (each car’s partial lap when the flag falls) is calculated automatically. Turn this on to fix it by hand, per lane, in the corrections screen of a finished heat; a corrected fraction wins tie-breaks on equal laps. Saved instantly.";"La coma (la fracción de vuelta de cada coche al caer la bandera) se calcula sola. Actívalo para poder corregirla a mano por carril en la pantalla de correcciones de una manga cerrada; la coma corregida manda en el desempate a igualdad de vueltas. Se guarda al momento.";"settings/index";""
"settings.las_10_mejores_de_mejor_a_peor";"Las 10 mejores (de mejor a peor)";"Best 10 (best first)";"Las 10 mejores (de mejor a peor)";"settings/index";""
"settings.las_10_ultimas_la_mas_reciente_arriba";"Las 10 últimas (la más reciente arriba)";"Last 10 (newest first)";"Las 10 últimas (la más reciente arriba)";"settings/index";""
"settings.las_10_vueltas_que_muestra_cada_carril_en_la";"Las 10 vueltas que muestra cada carril en la vista «Con historial» de los entrenos. Se guarda al momento; en un entreno abierto se aplica al recargar.";"The 10 laps each lane shows in the practice ""With history"" view. Saved instantly; an open practice picks it up on reload.";"Las 10 vueltas que muestra cada carril en la vista «Con historial» de los entrenos. Se guarda al momento; en un entreno abierto se aplica al recargar.";"settings/index";""
"settings.las_tramas_del_cronometro_segun_llegan";"Las tramas del cronómetro según llegan.";"Timer frames as they arrive.";"Las tramas del cronómetro según llegan.";"settings/index";""
"settings.los_cambios_se_aplican_al_pulsar_guardar_y";"Los cambios se aplican al pulsar «Guardar y aplicar».";"Changes apply when you press “Save & apply”.";"Los cambios se aplican al pulsar «Guardar y aplicar».";"settings/index";""
"settings.los_marcados_con";"Los marcados con";"Those marked";"Los marcados con";"settings/index";""
"settings.los_que_usan_todas_las_pantallas_cuando_no_hay";"Los que usan todas las pantallas cuando no hay circuito o el circuito no tiene colores propios (se ponen en la ficha de cada circuito). Se guardan al momento, sin tocar la conexión del cronometraje.";"Used on every screen when there is no circuit or the circuit has no colors of its own (set them on each circuit). Saved instantly, without touching the timing connection.";"Los que usan todas las pantallas cuando no hay circuito o el circuito no tiene colores propios (se ponen en la ficha de cada circuito). Se guardan al momento, sin tocar la conexión del cronometraje.";"settings/index";""
"settings.mangas_atascadas_activas_o_pendientes";"Mangas atascadas, activas o pendientes.";"Stuck, active or pending mangas.";"Mangas atascadas, activas o pendientes.";"settings/index";""
"settings.master";"Master";"Master";"Master";"settings/index";""
"settings.minimo_4_caracteres_si_se_olvida_arranca";"Mínimo 4 caracteres. Si se olvida, arranca PitWall con PITWALL_DISABLE_PASSWORD=1 y ponla de nuevo aquí.";"At least 4 characters. If forgotten, start PitWall with PITWALL_DISABLE_PASSWORD=1 and set it again here.";"Mínimo 4 caracteres. Si se olvida, arranca PitWall con PITWALL_DISABLE_PASSWORD=1 y ponla de nuevo aquí.";"settings/index";""
"settings.minlap_del_master_ms";"MinLap del Master (ms)";"Master MinLap (ms)";"MinLap del Master (ms)";"settings/index";""
"settings.modo_debug";"Modo debug";"Debug mode";"Modo debug";"settings/index";""
"settings.modo_simulacion_activo";"Modo simulación activo";"Simulation mode active";"Modo simulación activo";"settings/index";""
"settings.n_de_cajas_en_el_puerto";"Nº de cajas en el puerto";"Boxes on the port";"Nº de cajas en el puerto";"settings/index";""
"settings.necesitan_ademas_reiniciar_pitwall";"necesitan además reiniciar PitWall.";"also need a PitWall restart.";"necesitan además reiniciar PitWall.";"settings/index";""
"settings.orden_del_directo";"Orden del directo";"Live view order";"Orden del directo";"settings/index";""
"settings.ordenar_por";"Ordenar por";"Order by";"Ordenar por";"settings/index";""
"settings.para_que_quien_no_conoce_el_programa_no_toque";"Para que quien no conoce el programa no toque lo que no debe: pide contraseña para Sistema (Ajustes, Base de datos, sincronizaciones, ecosistema, solución de problemas) y Catálogo (Pilotos, Equipos, Coches, Categorías, Escenarios), también en este equipo y en la app de escritorio. El inicio, las carreras, los entrenos, los resultados y el directo siguen sin contraseña.";"So that people who do not know the program do not touch what they should not: asks for a password for System (Settings, Database, syncs, ecosystem, troubleshooting) and Catalog (Drivers, Teams, Cars, Categories, Scenarios), also on this machine and in the desktop app. Home, races, practice, results and live stay open.";"Para que quien no conoce el programa no toque lo que no debe: pide contraseña para Sistema (Ajustes, Base de datos, sincronizaciones, ecosistema, solución de problemas) y Catálogo (Pilotos, Equipos, Coches, Categorías, Escenarios), también en este equipo y en la app de escritorio. El inicio, las carreras, los entrenos, los resultados y el directo siguen sin contraseña.";"settings/index";""
"settings.parametros_de_simulacion";"Parámetros de simulación";"Simulation parameters";"Parámetros de simulación";"settings/index";""
"settings.pedir_contrasena_de_acceso";"Pedir contraseña de acceso";"Require an access password";"Pedir contraseña de acceso";"settings/index";""
"settings.permitir_corregirla_a_mano";"Permitir corregirla a mano";"Allow manual correction";"Permitir corregirla a mano";"settings/index";""
"settings.pitwall_disable_password_1_esta_puesto_ahora";"PITWALL_DISABLE_PASSWORD=1 está puesto: ahora mismo no se pide contraseña.";"PITWALL_DISABLE_PASSWORD=1 is set: no password is being asked right now.";"PITWALL_DISABLE_PASSWORD=1 está puesto: ahora mismo no se pide contraseña.";"settings/index";""
"settings.preferencias";"Preferencias";"Preferences";"Preferencias";"settings/index";""
"settings.publica_el_directo_los_resultados_y_lap_con_un";"Publica el directo, los resultados y Lap con un túnel de Cloudflare propio del club. El control de la app queda bloqueado desde fuera.";"Publishes live, results and Lap via your club's own Cloudflare tunnel. App control stays blocked from outside.";"Publica el directo, los resultados y Lap con un túnel de Cloudflare propio del club. El control de la app queda bloqueado desde fuera.";"settings/index";""
"settings.puerto_https";"Puerto HTTPS";"HTTPS port";"Puerto HTTPS";"settings/index";""
"settings.quien_puede_entrar_a_pitwall_desde_la_red_del";"Quién puede entrar a PitWall desde la red del circuito.";"Who can reach PitWall from the venue network.";"Quién puede entrar a PitWall desde la red del circuito.";"settings/index";""
"settings.rapido_url_temporal_sin_cuenta_ni_dominio";"Rápido — URL temporal (sin cuenta ni dominio)";"Quick — temporary URL (no account/domain)";"Rápido — URL temporal (sin cuenta ni dominio)";"settings/index";""
"settings.red_local";"Red local";"Local network";"Red local";"settings/index";""
"settings.registra_tramas_ds_300_crudas_cruces_de_carril";"Registra tramas DS-300 crudas, cruces de carril, eventos de manga y errores en logs/debug/ (.jsonl + .log). Un par de ficheros por manga.";"Logs raw DS-300 frames, lane crossings, manga events and errors under logs/debug/ (.jsonl + .log). One pair per manga.";"Registra tramas DS-300 crudas, cruces de carril, eventos de manga y errores en logs/debug/ (.jsonl + .log). Un par de ficheros por manga.";"settings/index";""
"settings.reinicio";"Reinicio";"Restart";"Reinicio";"settings/index";""
"settings.repitela";"Repítela";"Repeat it";"Repítela";"settings/index";""
"settings.restringir_acceso_web";"Restringir acceso web";"Restrict web access";"Restringir acceso web";"settings/index";""
"settings.se_guarda_al_momento_sin_tocar_la_conexion_del";"Se guarda al momento, sin tocar la conexión del cronometraje.";"Saved instantly, without touching the timing connection.";"Se guarda al momento, sin tocar la conexión del cronometraje.";"settings/index";""
"settings.seguimiento_online";"Seguimiento online";"Online tracking";"Seguimiento online";"settings/index";""
"settings.seguridad";"Seguridad";"Security";"Seguridad";"settings/index";""
"settings.sin_conexion";"Sin conexión";"Not connected";"Sin conexión";"settings/index";""
"settings.sin_el_el_navegador_avisa_una_vez_conexion_no";"Sin él, el navegador avisa una vez («conexión no privada → continuar»).";"Without it the browser warns once (“not private → proceed”).";"Sin él, el navegador avisa una vez («conexión no privada → continuar»).";"settings/index";""
"settings.sin_interfaces_de_red_detectadas";"Sin interfaces de red detectadas.";"No network interfaces detected.";"Sin interfaces de red detectadas.";"settings/index";""
"settings.solo_este_equipo_localhost_y_las_ips_de_la";"Solo este equipo (localhost) y las IPs de la lista. La app móvil e Infolap siguen recibiendo el vuelta a vuelta.";"Only this machine (localhost) and the listed IPs. The mobile app and Infolap keep receiving live laps.";"Solo este equipo (localhost) y las IPs de la lista. La app móvil e Infolap siguen recibiendo el vuelta a vuelta.";"settings/index";""
"settings.tcp_emulador_puente";"TCP (emulador / puente)";"TCP (emulator / bridge)";"TCP (emulador / puente)";"settings/index";""
"settings.tiempo_durante_el_que_al_terminar_la_manga_un";"Tiempo durante el que, al terminar la manga, un coche que cruza la meta cuenta como vuelta de bandera con su tiempo real. Con las mismas vueltas gana quien cruzó antes. 0 lo desactiva (la vuelta se repone con el tiempo medio). Se guarda al momento y se aplica desde la siguiente manga.";"How long after the heat ends a car crossing the line still counts as a flag lap with its real time. On equal laps, whoever crossed first wins. 0 disables it (the lap is restored at the average time). Saved instantly; applies from the next heat.";"Tiempo durante el que, al terminar la manga, un coche que cruza la meta cuenta como vuelta de bandera con su tiempo real. Con las mismas vueltas gana quien cruzó antes. 0 lo desactiva (la vuelta se repone con el tiempo medio). Se guarda al momento y se aplica desde la siguiente manga.";"settings/index";""
"settings.todas_las_interfaces_recomendado";"Todas las interfaces (recomendado)";"All interfaces (recommended)";"Todas las interfaces (recomendado)";"settings/index";""
"settings.todas_lo_hace_accesible_por_cable_y_wifi_a_la";"«Todas» lo hace accesible por cable y WiFi a la vez; elige una para limitarlo a esa red.";"""All"" makes it reachable on LAN and WiFi at once; pick one to limit it.";"«Todas» lo hace accesible por cable y WiFi a la vez; elige una para limitarlo a esa red.";"settings/index";""
"settings.token_del_tunel";"Token del túnel";"Tunnel token";"Token del túnel";"settings/index";""
"settings.transporte";"Transporte";"Transport";"Transporte";"settings/index";""
"settings.ultimos_bytes_recibidos";"Últimos bytes recibidos";"Last received bytes";"Últimos bytes recibidos";"settings/index";""
"settings.uno_o_varios_ds_300_por_usb_rs_232";"Uno o varios DS-300 por USB/RS-232.";"One or more DS-300 via USB/RS-232.";"Uno o varios DS-300 por USB/RS-232.";"settings/index";""
"settings.uno_por_linea_admite_cidr_p_ej_192_168_1_50_o";"Uno por línea. Admite CIDR, p. ej. 192.168.1.50 o 192.168.1.0/24.";"One per line. CIDR ok, e.g. 192.168.1.50 or 192.168.1.0/24.";"Uno por línea. Admite CIDR, p. ej. 192.168.1.50 o 192.168.1.0/24.";"settings/index";""
"settings.varias_cajas_ds_por_un_solo_puerto_com";"Varias cajas DS por un solo puerto COM.";"Several DS boxes over one COM port.";"Varias cajas DS por un solo puerto COM.";"settings/index";""
"settings.visor_de_tramas_en_vivo";"Visor de tramas en vivo";"Live frame viewer";"Visor de tramas en vivo";"settings/index";""
"settings.vuelta_media_ms";"Vuelta media (ms)";"Avg lap time (ms)";"Vuelta media (ms)";"settings/index";""
"settings.vueltas_reales_a_igualdad_menos_tiempo_total";"Vueltas reales (a igualdad, menos tiempo total)";"Actual laps (ties: lower total time)";"Vueltas reales (a igualdad, menos tiempo total)";"settings/index";""
"shifts-live.a_punto";"A punto";"Near";"A punto";"";""
"shifts-live.activa";"ACTIVA";"ACTIVE";"ACTIVA";"";""
"shifts-live.anadir_tiempo";"Añadir tiempo";"Add time";"Añadir tiempo";"";""
"shifts-live.apunta_la_camara_al_qr_del_piloto";"Apunta la cámara al QR del piloto";"Point the camera at the pilot QR";"Apunta la cámara al QR del piloto";"";""
"shifts-live.camara";"Cámara";"Camera";"Cámara";"";""
"shifts-live.cambiar";"Cambiar";"Switch";"Cambiar";"";""
"shifts-live.completo";"completo";"complete";"completo";"";""
"shifts-live.corregir_tiempo";"Corregir tiempo";"Correct time";"Corregir tiempo";"";""
"shifts-live.corregir_tiempo_olvido_fichar";"Corregir tiempo (olvidó fichar)";"Correct time (forgot to scan)";"Corregir tiempo (olvidó fichar)";"";""
"shifts-live.desc";"DESC";"REST";"DESC";"";""
"shifts-live.en_marcha";"EN MARCHA";"RUNNING";"EN MARCHA";"";""
"shifts-live.esperando_carrera";"Esperando carrera";"Waiting for race";"Esperando carrera";"";""
"shifts-live.estado_del_fichaje_de_pilotos";"Estado del fichaje de pilotos";"Driver check-in status";"Estado del fichaje de pilotos";"";""
"shifts-live.fichado";"fichado";"checked in";"fichado";"";""
"shifts-live.fichados";"fichados";"checked in";"fichados";"";""
"shifts-live.historico";"Histórico";"History";"Histórico";"";""
"shifts-live.iniciando_camara";"Iniciando cámara…";"Starting camera…";"Iniciando cámara…";"";""
"shifts-live.lector_qr";"Lector QR";"QR scanner";"Lector QR";"";""
"shifts-live.max";" · máx ";" · max ";" · máx ";"";""
"shifts-live.maximo_piloto";"Máximo / piloto";"Maximum / driver";"Máximo / piloto";"";""
"shifts-live.minimo";"Mínimo";"Min";"Mínimo";"";""
"shifts-live.minimo_piloto";"Mínimo / piloto";"Minimum / driver";"Mínimo / piloto";"";""
"shifts-live.no_se_admiten_cambios_de_piloto_en_los_minutos";"No se admiten cambios de piloto en los minutos finales de la manga";"No driver changes in the final minutes of the heat";"No se admiten cambios de piloto en los minutos finales de la manga";"";""
"shifts-live.pasado";"Pasado";"Over";"Pasado";"";""
"shifts-live.pasado_2";"pasado";"over";"pasado";"";""
"shifts-live.pausada";"PAUSADA";"PAUSED";"PAUSADA";"";""
"shifts-live.pilotos_del_equipo_tiempo_y_turnos";"Pilotos del equipo: tiempo y turnos";"Team drivers: time and stints";"Pilotos del equipo: tiempo y turnos";"";""
"shifts-live.pilotos_por_tiempo";"Pilotos por tiempo";"Drivers by time";"Pilotos por tiempo";"";""
"shifts-live.pre_arme";"Pre-arme";"Check-in";"Pre-arme";"";""
"shifts-live.reglas_de_turnos_de_esta_carrera";"Reglas de turnos de esta carrera";"Shift rules for this race";"Reglas de turnos de esta carrera";"";""
"shifts-live.salir_de_pantalla_completa";"Salir de pantalla completa";"Exit fullscreen";"Salir de pantalla completa";"";""
"shifts-live.sin_cambios_al_final";"Sin cambios al final";"No changes at the end";"Sin cambios al final";"";""
"shifts-live.sin_fichar";"sin fichar";"not checked in";"sin fichar";"";""
"shifts-live.sin_manga_activa";"Sin manga activa";"No active manga";"Sin manga activa";"";""
"shifts-live.standby_pre_arme";"STANDBY (pre-arme)";"STANDBY (pre-arm)";"STANDBY (pre-arme)";"";""
"shifts-live.t";"T";"x";"T";"";""
"shifts-live.tiempo_a_anadir_min_seg";"Tiempo a añadir (min:seg)";"Time to add (min:sec)";"Tiempo a añadir (min:seg)";"";""
"shifts-live.todas_las_tarjetas";"Todas las tarjetas";"All cards";"Todas las tarjetas";"";""
"shifts-live.total_piloto";"Total piloto";"Driver total";"Total piloto";"";""
"shifts-live.turno";"Turno";"Shift";"Turno";"";""
"shifts-live.turnos";"turnos";"stints";"turnos";"";""
"shifts-live.turnos_max";"Turnos máx.";"Max stints";"Turnos máx.";"";""
"shifts-live.veces_que_ha_corrido_turnos";"Veces que ha corrido (turnos)";"Times driven (stints)";"Veces que ha corrido (turnos)";"";""
"shifts-live.ver_todas_las_tarjetas_de_una_vez_sin_pase_de";"Ver todas las tarjetas de una vez, sin pase de hojas";"See all cards at once, no paging";"Ver todas las tarjetas de una vez, sin pase de hojas";"";""
"shifts-report.al_90_del_max";"Al 90% del máx.";"At 90% of max";"Al 90% del máx.";"";""
"shifts-report.bajo_minimo";"BAJO MÍNIMO";"UNDER MIN";"BAJO MÍNIMO";"";""
"shifts-report.cronologia_de_turnos_por_manga";"Cronología de turnos por manga";"Shift timeline per heat";"Cronología de turnos por manga";"";""
"shifts-report.entro";"Entró";"In";"Entró";"";""
"shifts-report.incluye_tiempo_introducido_a_mano";"Incluye tiempo introducido a mano";"Includes manually entered time";"Incluye tiempo introducido a mano";"";""
"shifts-report.informe_de_turnos";"Informe de turnos";"Shift report";"Informe de turnos";"";""
"shifts-report.informe_de_turnos_de_piloto";"Informe de turnos de piloto";"Driver shift report";"Informe de turnos de piloto";"";""
"shifts-report.infracciones";"Infracciones";"Violations";"Infracciones";"";""
"shifts-report.manga";"Manga";"Race";"Manga";"";""
"shifts-report.manual";"manual";"manual";"manual";"";""
"shifts-report.no_hay_pilotos_inscritos_con_perfil_de_catalogo";"No hay pilotos inscritos con perfil de catálogo.";"No enrolled drivers with a catalog profile.";"No hay pilotos inscritos con perfil de catálogo.";"";""
"shifts-report.no_rodo";"No rodó";"Never ran";"No rodó";"";""
"shifts-report.no_se_registro_ningun_turno";"No se registró ningún turno.";"No shifts were recorded.";"No se registró ningún turno.";"";""
"shifts-report.origen";"Origen";"Source";"Origen";"";""
"shifts-report.pasado_de_tiempo";"PASADO DE TIEMPO";"OVER TIME";"PASADO DE TIEMPO";"";""
"shifts-report.pasado_de_turnos";"PASADO DE TURNOS";"OVER STINTS";"PASADO DE TURNOS";"";""
"shifts-report.salio";"Salió";"Out";"Salió";"";""
"shifts-report.tiempo_maximo_por_piloto";"Tiempo máximo por piloto";"Maximum time per driver";"Tiempo máximo por piloto";"";""
"shifts-report.tiempo_minimo_por_piloto";"Tiempo mínimo por piloto";"Minimum time per driver";"Tiempo mínimo por piloto";"";""
"shifts-report.tiempo_total";"Tiempo total";"Total time";"Tiempo total";"";""
"shifts-report.turnos";"Turnos";"Stints";"Turnos";"";""
"shifts-report.turnos_maximos";"Turnos máximos";"Maximum stints";"Turnos máximos";"";""
"shifts-report.volver_al_historico";"Volver al histórico";"Back to history";"Volver al histórico";"";""
"show.actualizar_desde_catalogo";"Actualizar desde catálogo";"Update from catalog";"Actualizar desde catálogo";"races/show";""
"show.al_finalizar";"Al finalizar";"When finished";"Al finalizar";"races/show";""
"show.alcance_de_la_consistencia";"Alcance de la consistencia";"Consistency scope";"Alcance de la consistencia";"live-stats/show";""
"show.anadidas";" añadidas";" added";" añadidas";"races/show";""
"show.anadir_tanda_1";"Añadir Tanda 1";"Add Heat 1";"Añadir Tanda 1";"races/show";""
"show.asignar_carriles";"Asignar carriles";"Assign lanes";"Asignar carriles";"races/show";""
"show.aun_no_ha_empezado";"Aún no ha empezado";"Not started yet";"Aún no ha empezado";"races/show";""
"show.aun_no_hay_tandas";"Aún no hay tandas";"No heats yet";"Aún no hay tandas";"races/show";""
"show.cambiar_carrera";"Cambiar carrera";"Change race";"Cambiar carrera";"live-stats/show";""
"show.cambiar_el_estado_de_la_carrera";"Cambiar el estado de la carrera";"Change the race status";"Cambiar el estado de la carrera";"races/show";""
"show.cambiar_estado";"Cambiar estado";"Change status";"Cambiar estado";"races/show";""
"show.carrera_no_guardada_aun";"(carrera no guardada aún)";"(race not saved yet)";"(carrera no guardada aún)";"races/show";""
"show.clasificacion_de_manga_actual";"Clasificación de manga actual";"Current heat standings";"Clasificación de manga actual";"live-stats/show";""
"show.clasificacion_proyectada";"Clasificación proyectada";"Projected standings";"Clasificación proyectada";"live-stats/show";""
"show.clasificacion_proyectada_de_carrera";"Clasificación proyectada de carrera";"Projected race standings";"Clasificación proyectada de carrera";"live-stats/show";""
"show.comparate_con";"— Compárate con… —";"— Compare with… —";"— Compárate con… —";"live-stats/show";""
"show.comparativa_en_vivo";"Comparativa en vivo";"Live comparison";"Comparativa en vivo";"live-stats/show";""
"show.comparativa_por_carril";"Comparativa por carril";"Per-lane comparison";"Comparativa por carril";"live-stats/show";""
"show.completa_la_pole_primero";"Completa la pole primero";"Complete pole first";"Completa la pole primero";"races/show";""
"show.completada";"Completada";"Completed";"Completada";"races/show";""
"show.completar_carrera";"Completar carrera";"Complete race";"Completar carrera";"races/show";""
"show.con_salidas";"Con salidas";"With exits";"Con salidas";"live-stats/show";""
"show.configuracion_elige_el_carril_y_arranca";"⏱ Configuración — elige el carril y arranca";"⏱ Setup — pick lane and start";"⏱ Configuración — elige el carril y arranca";"races/show";""
"show.consistencia";"Consistencia";"Consistency";"Consistencia";"live-stats/show";""
"show.continuar";"Continuar";"Continue";"Continuar";"races/show";""
"show.descansa";"descansa";"resting";"descansa";"live-stats/show";""
"show.descansa_en_la_manga_en_curso";"Descansa en la manga en curso";"Resting in the current heat";"Descansa en la manga en curso";"live-stats/show";""
"show.descansando_esta_manga";"Descansando esta manga";"Resting this heat";"Descansando esta manga";"live-stats/show";""
"show.elige_tu_equipo_piloto";"— Elige tu equipo/piloto —";"— Pick your team/driver —";"— Elige tu equipo/piloto —";"live-stats/show";""
"show.eliminar_tanda";"¿Eliminar tanda?";"Delete tanda?";"¿Eliminar tanda?";"races/show";""
"show.equipo_piloto";"Equipo/piloto ";"Team/driver ";"Equipo/piloto ";"live-stats/show";""
"show.estimacion_al_final_de_la_carrera_no_solo_la";"Estimación al final de la carrera (no solo la manga en curso).";"Estimate at the end of the race (not just the current heat).";"Estimación al final de la carrera (no solo la manga en curso).";"live-stats/show";""
"show.estructura_de_la_carrera";"Estructura de la carrera";"Race structure";"Estructura de la carrera";"races/show";""
"show.gap_de_vueltas";"Gap de vueltas";"Lap gap";"Gap de vueltas";"live-stats/show";""
"show.gap_de_vueltas_al_lider_seleccionado";"Gap de vueltas (al líder seleccionado)";"Lap gap (to selected leader)";"Gap de vueltas (al líder seleccionado)";"live-stats/show";""
"show.gap_de_vueltas_manga";"Gap de vueltas (manga)";"Lap gap (heat)";"Gap de vueltas (manga)";"live-stats/show";""
"show.gap_lider";"Gap Líder";"Gap Leader";"Gap Líder";"live-stats/show";""
"show.gap_sig";"Gap Sig.";"Gap Next";"Gap Sig.";"live-stats/show";""
"show.iniciar_pole";"Iniciar Pole";"Start Pole";"Iniciar Pole";"races/show";""
"show.ir_a_pole_position";"Ir a Pole Position";"Go to Pole Position";"Ir a Pole Position";"races/show";""
"show.limpiar_filtros";"Limpiar filtros";"Clear filters";"Limpiar filtros";"live-stats/show";""
"show.manga_actual";"Manga actual";"Current heat";"Manga actual";"live-stats/show";""
"show.marcar_carrera_como_completada";"¿Marcar carrera como completada?";"Mark race as completed?";"¿Marcar carrera como completada?";"races/show";""
"show.media_por_vuelta_que_necesitas_para_alcanzar_al";"Media por vuelta que necesitas para alcanzar al de delante";"Lap pace needed to catch the car ahead";"Media por vuelta que necesitas para alcanzar al de delante";"live-stats/show";""
"show.minutos_manga";"Minutos (manga)";"Minutes (heat)";"Minutos (manga)";"live-stats/show";""
"show.mis_rivales_cercanos_clasificacion";"Mis rivales cercanos (clasificación)";"My closest rivals (standings)";"Mis rivales cercanos (clasificación)";"live-stats/show";""
"show.no_configurada";"No configurada";"Not configured";"No configurada";"races/show";""
"show.nueva_tanda";"Nueva tanda";"New tanda";"Nueva tanda";"races/show";""
"show.orden_de_rotacion_de_carriles";"Orden de rotación de carriles";"Lane rotation order";"Orden de rotación de carriles";"races/show";""
"show.pasa_a_resultados";"Pasa a resultados";"Moves to results";"Pasa a resultados";"races/show";""
"show.pendiente_sin_sesion_preparada";"Pendiente — sin sesión preparada";"Pending — no session yet";"Pendiente — sin sesión preparada";"races/show";""
"show.perdido";"⏱ Perdido";"⏱ Lost";"⏱ Perdido";"live-stats/show";""
"show.perdido_total";"Perdido Total";"Lost Total";"Perdido Total";"live-stats/show";""
"show.pines_lap";"Pines Lap";"Lap PINs";"Pines Lap";"races/show";""
"show.pole_position";"Pole Position";"Pole Position";"Pole Position";"races/show";""
"show.rival_1";"Rival 1";"Rival 1";"Rival 1";"live-stats/show";""
"show.rival_2_opcional";"Rival 2 (opcional)";"Rival 2 (optional)";"Rival 2 (opcional)";"live-stats/show";""
"show.sal_pit_total";"Sal./Pit Total";"Exits/Pit Total";"Sal./Pit Total";"live-stats/show";""
"show.sale_en_el_inicio_y_recibe_el_go";"Sale en el inicio y recibe el GO";"Shown on home, receives the GO";"Sale en el inicio y recibe el GO";"races/show";""
"show.salidas_de_pista_pit_stops_cambios_de_neumatico";"Salidas de pista / pit-stops / cambios de neumático 🛞 en TODA la carrera";"Track exits / pit-stops / tire changes 🛞 for the WHOLE race";"Salidas de pista / pit-stops / cambios de neumático 🛞 en TODA la carrera";"live-stats/show";""
"show.salidas_de_pista_pit_stops_cambios_de_neumatico_2";"Salidas de pista / pit-stops / cambios de neumático 🛞 en esta manga";"Track exits / pit-stops / tire changes 🛞 in this heat";"Salidas de pista / pit-stops / cambios de neumático 🛞 en esta manga";"live-stats/show";""
"show.sesion_en_curso";"⏱ Sesión en curso";"⏱ Session in progress";"⏱ Sesión en curso";"races/show";""
"show.sin_pole";"Sin Pole";"No Pole";"Sin Pole";"races/show";""
"show.sin_salidas";"Sin salidas";"Without exits";"Sin salidas";"live-stats/show";""
"show.sobre_la_media";"Sobre la media";"Vs average";"Sobre la media";"live-stats/show";""
"show.sucesos";"Sucesos";"Events";"Sucesos";"races/show";""
"show.tandas";"Tandas";"Heats";"Tandas";"races/show";""
"show.tiempo_medio_por_manga_s";"Tiempo medio por manga (s)";"Avg lap per heat (s)";"Tiempo medio por manga (s)";"live-stats/show";""
"show.tiempo_perdido_en_esas_salidas_pits_exceso";"Tiempo perdido en esas salidas/pits (exceso sobre la media limpia de carrera)";"Time lost on those exits/pits (excess over the race-wide clean average)";"Tiempo perdido en esas salidas/pits (exceso sobre la media limpia de carrera)";"live-stats/show";""
"show.tiempo_por_vuelta";"Tiempo por vuelta";"Lap time";"Tiempo por vuelta";"live-stats/show";""
"show.tiempo_s";"Tiempo (s)";"Time (s)";"Tiempo (s)";"live-stats/show";""
"show.tras_la_pole";"Tras la pole";"After pole";"Tras la pole";"races/show";""
"show.variacion_vuelta_a_vuelta";"variación vuelta a vuelta";"lap-to-lap variation";"variación vuelta a vuelta";"live-stats/show";""
"show.ventaja_sobre_la_media_s";"Ventaja sobre la media (s)";"Advantage vs avg (s)";"Ventaja sobre la media (s)";"live-stats/show";""
"show.ver_clasificacion";"Ver clasificación";"View results";"Ver clasificación";"races/show";""
"show.vueltas_carrera";"Vueltas carrera";"Race laps";"Vueltas carrera";"live-stats/show";""
"show.vueltas_manga";"Vueltas manga";"Heat laps";"Vueltas manga";"live-stats/show";""
"show.vueltas_proyectadas_al_final";"Vueltas proyectadas al final";"Projected laps at the end";"Vueltas proyectadas al final";"live-stats/show";""
"show.vueltas_proyectadas_respecto_al_lider";"Vueltas proyectadas respecto al líder";"Projected laps behind the leader";"Vueltas proyectadas respecto al líder";"live-stats/show";""
"show.vueltas_respecto_al_de_delante_en_la_manga_a";"Vueltas respecto al de delante en la manga; a igualdad de vueltas, diferencia de media";"Laps behind the car ahead in this heat; if tied on laps, average pace difference";"Vueltas respecto al de delante en la manga; a igualdad de vueltas, diferencia de media";"live-stats/show";""
"show.y_con_opcional";"— y con… (opcional) —";"— and with… (optional) —";"— y con… (opcional) —";"live-stats/show";""
"tanda-edit.anadir_equipo";"Añadir equipo";"Add team";"Añadir equipo";"";""
"tanda-edit.edicion_de_tanda_arrastra_para_reordenar";"Edición de tanda · arrastra para reordenar";"Heat editing · drag to reorder";"Edición de tanda · arrastra para reordenar";"";""
"tanda-edit.editar_tanda";"Editar Tanda";"Edit Heat";"Editar Tanda";"";""
"tanda-edit.editar_tanda_2";"Editar Tanda";"Edit Heat Group";"Editar Tanda";"";""
"tanda-edit.guardar_cambios_se_regenerara_la_programacion";"¿Guardar cambios? Se regenerará la programación de mangas.";"Save changes? The heat schedule will be regenerated.";"¿Guardar cambios? Se regenerará la programación de mangas.";"";""
"tanda-edit.modifica_los_nombres_de_los_equipos_y_pilotos";"Modifica los nombres de los equipos y pilotos.";"Edit team and driver names.";"Modifica los nombres de los equipos y pilotos.";"";""
"tanda-edit.modifica_los_nombres_de_los_pilotos";"Modifica los nombres de los pilotos.";"Edit driver names.";"Modifica los nombres de los pilotos.";"";""
"tanda-edit.modo_solo_renombrar";"Modo solo renombrar";"Rename-only mode";"Modo solo renombrar";"";""
"tanda-new.carriles_sin_participante";"Carriles sin participante";"Empty lanes";"Carriles sin participante";"";""
"tanda-new.categoria_del_catalogo";"Categoría del catálogo";"Catalog category";"Categoría del catálogo";"";""
"tanda-new.coche_del_catalogo";"Coche del catálogo";"Catalog car";"Coche del catálogo";"";""
"tanda-new.crear_tanda";"Crear Tanda";"Create Heat Group";"Crear Tanda";"";""
"tanda-new.dsc";"DSC ";"REST ";"DSC ";"";""
"tanda-new.el_hueco_rota";"El hueco rota";"The gap rotates";"El hueco rota";"";""
"tanda-new.equipos_disponibles";"Equipos disponibles";"Available teams";"Equipos disponibles";"";""
"tanda-new.no_hay_equipos_crea_uno";"No hay equipos. Crea uno.";"No teams. Create one.";"No hay equipos. Crea uno.";"";""
"tanda-new.nueva_tanda";"Nueva Tanda";"New Heat Group";"Nueva Tanda";"";""
"tanda-new.sobran_los_ultimos";"Sobran los últimos";"Leave the last ones free";"Sobran los últimos";"";""
"teams.buscar_equipo_coche_piloto";"Buscar equipo, coche, piloto…";"Search team, car, driver…";"Buscar equipo, coche, piloto…";"teams/index";""
"teams.eliminar_equipo";"¿Eliminar equipo?";"Delete team?";"¿Eliminar equipo?";"teams/index";""
"teams.importar_equipos_desde_csv";"Importar equipos desde CSV";"Import teams from CSV";"Importar equipos desde CSV";"teams/index";""
"teams.sin_pais";"Sin país";"No country";"Sin país";"teams/index";""
"training.de_competicion";"De competición";"Competition";"De competición";"training/index";""
"training.empezar_competicion";"Empezar competición";"Start competition";"Empezar competición";"training/index";""
"training.empezar_libre";"Empezar libre";"Start free";"Empezar libre";"training/index";""
"training.entrenamiento_libre";"Entrenamiento libre";"Free practice";"Entrenamiento libre";"training/index";""
"training.equipos_pilotos";"Equipos / pilotos";"Teams / drivers";"Equipos / pilotos";"training/index";""
"training.por_tandas";"Por tandas";"By heats";"Por tandas";"training/index";""
"training.rotacion_automatica";"Rotación automática";"Auto rotation";"Rotación automática";"training/index";""
"training.selecciona_la_modalidad_de_entrenamiento";"Selecciona la modalidad de entrenamiento.";"Select the training mode.";"Selecciona la modalidad de entrenamiento.";"training/index";""
"training.sesion_abierta";"Sesión abierta";"Open session";"Sesión abierta";"training/index";""
"training.ver_resultados_de_entrenos_de_competicion";"Ver resultados de entrenos de competición";"See competition training results";"Ver resultados de entrenos de competición";"training/index";""
"training.vueltas_por_carril";"Vueltas por carril";"Laps per lane";"Vueltas por carril";"training/index";""
"tv.diferencia";"Diferencia";"Gap";"Diferencia";"races/tv";""
"tv.en_carrera";"EN CARRERA";"RACING";"EN CARRERA";"races/tv";""
"tv.en_espera";"EN ESPERA";"PENDING";"EN ESPERA";"races/tv";""
"tv.piloto_equipo";"Piloto / Equipo";"Driver / Team";"Piloto / Equipo";"races/tv";""
"tv.tiempo_restante";"tiempo restante";"remaining";"tiempo restante";"races/tv";""
"tv.total_vueltas_en_carrera";"Total vueltas en carrera";"Total race laps";"Total vueltas en carrera";"races/tv";""
"tv.ultimas";"Últimas";"Latest";"Últimas";"races/tv";""
"tv.vueltas_esta_manga";"Vueltas esta manga";"Laps this heat";"Vueltas esta manga";"races/tv";""
"wizard.al_activarlos_al_inscribir_cada_equipo_o_piloto";"Al activarlos, al inscribir cada equipo o piloto podrás indicar su categoría/copa y su coche (y editarlos luego desde la tanda). Rellenarlos no es obligatorio.";"When on, you can set each team’s or driver’s category/cup and car while signing them up (and edit them later from the heat group). Filling them in is not required.";"Al activarlos, al inscribir cada equipo o piloto podrás indicar su categoría/copa y su coche (y editarlos luego desde la tanda). Rellenarlos no es obligatorio.";"races/new-step1";""
"wizard.anade_todos_los_equipos_con_sus_integrantes";"Añade todos los equipos con sus integrantes.";"Add all teams with their members.";"Añade todos los equipos con sus integrantes.";"races/new-step4";""
"wizard.anade_todos_los_pilotos_que_participaran_en_la";"Añade todos los pilotos que participarán en la pole y en la carrera.";"Add all drivers who will participate in qualifying and the race.";"Añade todos los pilotos que participarán en la pole y en la carrera.";"races/new-step4";""
"wizard.anadir_descanso";"Añadir descanso";"Add rest";"Añadir descanso";"races/new-step3-sequence";""
"wizard.anadir_equipo_a_mano";"Añadir equipo a mano";"Add team manually";"Añadir equipo a mano";"races/new-step4";""
"wizard.arrastra_los_elementos_para_ajustar_el_orden";"Arrastra los elementos para ajustar el orden manualmente.";"Drag items to manually adjust the order.";"Arrastra los elementos para ajustar el orden manualmente.";"races/new-step3-sequence";""
"wizard.back";"Volver";"Back";"Volver";"races/confirm races/new-step1 races/new-step3-sequence races/new-step4 races/pole-setup races/tanda-edit races/tanda-new";""
"wizard.c";"C";"C";"C";"races/new-step3-sequence";""
"wizard.c_impares_dsc_despues_del_carril_2_c_pares_dsc";"C impares: DSC después del carril 2 · C pares: DSC después del penúltimo";"Odd C: rest after lane 2 · Even C: rest after second-to-last";"C impares: DSC después del carril 2 · C pares: DSC después del penúltimo";"races/new-step3-sequence";""
"wizard.cambiar_a_resistencia";"Cambiar a resistencia";"Switch to endurance";"Cambiar a resistencia";"races/new-step1";""
"wizard.cambiar_a_sprint";"Cambiar a sprint";"Switch to sprint";"Cambiar a sprint";"races/new-step1";""
"wizard.carrera_corta_cada_piloto_corre_por_su_cuenta";"Carrera corta, cada piloto corre por su cuenta.";"Short race, each driver on their own.";"Carrera corta, cada piloto corre por su cuenta.";"races/new-step1";""
"wizard.carriles_del_circuito";"Carriles del circuito ";"Lanes of circuit ";"Carriles del circuito ";"races/new-step1";""
"wizard.championship_race";"Carrera Resistencia";"Endurance Race";"Carrera Resistencia";"races/new-step1";""
"wizard.championship_race_desc";"Larga duración · por equipos";"Long-duration · team format";"Larga duración · por equipos";"races/new-step1";""
"wizard.club_race";"Carrera Sprint";"Sprint Race";"Carrera Sprint";"races/new-step1";""
"wizard.club_race_desc";"Carrera corta · formato individual";"Short race · individual format";"Carrera corta · formato individual";"races/new-step1";""
"wizard.columna_en_el_excel_de_resultados";"Columna en el Excel de resultados.";"Column in the results Excel.";"Columna en el Excel de resultados.";"races/new-step1";""
"wizard.con_pole";"Con pole";"With pole";"Con pole";"races/new-step1";""
"wizard.configurar_a_mano";"Configurar a mano";"Configure manually";"Configurar a mano";"races/new-step1";""
"wizard.confirm_create";"Crear Carrera";"Create Race";"Crear Carrera";"races/confirm";""
"wizard.confirm_title";"Nueva Carrera — Confirmación";"New Race — Confirmation";"Nueva Carrera — Confirmación";"races/confirm";""
"wizard.deja_en_blanco_lo_que_no_quieras_controlar_cada";"Deja en blanco lo que no quieras controlar. Cada piloto se identifica por QR y cuenta sus minutos en todas las mangas.";"Leave blank whatever you do not want to control. Each driver scans a QR and their minutes add up across all heats.";"Deja en blanco lo que no quieras controlar. Cada piloto se identifica por QR y cuenta sus minutos en todas las mangas.";"races/new-step1";""
"wizard.driver_name";"Nombre del piloto";"Driver name";"Nombre del piloto";"";""
"wizard.driver_name_ph";"Ej: Max Verstappen";"E.g.: Max Verstappen";"Ej: Max Verstappen";"races/new-step4 races/tanda-edit races/tanda-new";""
"wizard.el_mas_rapido_elige_carril_primero";"El más rápido elige carril primero.";"Fastest picks a lane first.";"El más rápido elige carril primero.";"races/new-step1";""
"wizard.generar_secuencia";"Generar secuencia";"Generate sequence";"Generar secuencia";"races/new-step3-sequence";""
"wizard.individual";"Individual";"Individual";"Individual";"";""
"wizard.individual_desc";"Cada carril tiene un piloto asignado";"Each lane has one assigned driver";"Cada carril tiene un piloto asignado";"";""
"wizard.lane";"Carril";"Lane";"Carril";"";""
"wizard.lanes_count";"Número de carriles";"Number of lanes";"Número de carriles";"";""
"wizard.lanes_hint";"Entre 2 y 32 carriles";"Between 2 and 32 lanes";"Entre 2 y 32 carriles";"";""
"wizard.larga_duracion_por_equipos_con_turnos_de_piloto";"Larga duración, por equipos, con turnos de piloto y neumáticos.";"Long race, by teams, with driver shifts and tyres.";"Larga duración, por equipos, con turnos de piloto y neumáticos.";"races/new-step1";""
"wizard.lo_basico_de_la_carrera_los_participantes_y_los";"Lo básico de la carrera. Los participantes y los carriles vienen después.";"The race basics. Participants and lanes come next.";"Lo básico de la carrera. Los participantes y los carriles vienen después.";"races/new-step1";""
"wizard.los_carriles_se_reparten_al_crear_la_tanda";"Los carriles se reparten al crear la tanda.";"Lanes are assigned when creating the heat group.";"Los carriles se reparten al crear la tanda.";"races/new-step1";""
"wizard.los_tiempos_se_registran_durante_la_sesion_de";"Los tiempos se registran durante la sesión de pole.";"Times are recorded during the pole session.";"Los tiempos se registran durante la sesión de pole.";"races/new-step4";""
"wizard.manga_duration";"Duración de manga";"Heat duration";"Duración de manga";"races/confirm";""
"wizard.mangas_seguidas_en_el_mismo_carril_las_vueltas";"Mangas seguidas en el mismo carril; las vueltas se suman.";"Consecutive heats on the same lane; laps add up.";"Mangas seguidas en el mismo carril; las vueltas se suman.";"races/new-step1";""
"wizard.maximo_de_turnos";"Máximo de turnos";"Max turns";"Máximo de turnos";"races/new-step1";""
"wizard.maximo_por_piloto";"Máximo por piloto";"Max per driver";"Máximo por piloto";"races/new-step1";""
"wizard.member_name";"Nombre del integrante";"Member name";"Nombre del integrante";"";""
"wizard.member_ph";"Ej: Carlos Sainz";"E.g.: Carlos Sainz";"Ej: Carlos Sainz";"races/new-step4 races/tanda-edit races/tanda-new";""
"wizard.members_hint";"Todos los equipos tendrán el mismo número de integrantes";"All teams will have the same number of members";"Todos los equipos tendrán el mismo número de integrantes";"";""
"wizard.members_per_team";"Integrantes por equipo";"Members per team";"Integrantes por equipo";"";""
"wizard.minimo_por_piloto";"Mínimo por piloto";"Min per driver";"Mínimo por piloto";"races/new-step1";""
"wizard.next";"Siguiente";"Next";"Siguiente";"races/new-step1 races/new-step3-sequence races/new-step4";""
"wizard.no_name";"(sin nombre)";"(no name)";"(sin nombre)";"";""
"wizard.nueva_carrera_de_resistencia";"Nueva carrera de resistencia";"New endurance race";"Nueva carrera de resistencia";"races/new-step1";""
"wizard.nueva_carrera_participantes";"Nueva Carrera — Participantes";"New Race — Participants";"Nueva Carrera — Participantes";"races/new-step4";""
"wizard.nueva_carrera_sprint";"Nueva carrera sprint";"New sprint race";"Nueva carrera sprint";"races/new-step1";""
"wizard.nuevo_circuito";"Nuevo circuito";"New circuit";"Nuevo circuito";"races/new-step1";""
"wizard.of";"de";"of";"de";"";""
"wizard.optional";"Opcional";"Optional";"Opcional";"races/new-step4 races/tanda-edit races/tanda-new";""
"wizard.participantes";"Participantes:";"Participants:";"Participantes:";"races/new-step3-sequence";""
"wizard.participantes_de_pole_position";"Participantes de Pole Position";"Pole Position Participants";"Participantes de Pole Position";"races/new-step4";""
"wizard.por_piloto";"por piloto";"per driver";"por piloto";"races/new-step1";""
"wizard.que_carrera_quieres_crear";"¿Qué carrera quieres crear?";"What kind of race?";"¿Qué carrera quieres crear?";"races/new-step1";""
"wizard.race_format";"Formato de carrera";"Race format";"Formato de carrera";"";""
"wizard.race_name";"Nombre de la carrera";"Race name";"Nombre de la carrera";"races/new-step1";""
"wizard.race_name_placeholder";"Ej: Gran Premio de Navidad";"E.g.: Christmas Grand Prix";"Ej: Gran Premio de Navidad";"races/new-step1";""
"wizard.race_type";"Tipo de carrera";"Race type";"Tipo de carrera";"";""
"wizard.reglas_de_resistencia";"Reglas de resistencia";"Endurance rules";"Reglas de resistencia";"races/new-step1";""
"wizard.s_de_cada_manga";"s de cada manga";"s of each heat";"s de cada manga";"races/new-step1";""
"wizard.se_ve_junto_al_nombre_en_el_directo_y_sale_en";"Se ve junto al nombre en el directo y sale en el Excel.";"Shown next to the name in the live view and included in the Excel.";"Se ve junto al nombre en el directo y sale en el Excel.";"races/new-step1";""
"wizard.sin_cambios_al_final";"Sin cambios al final";"No swaps at the end";"Sin cambios al final";"races/new-step1";""
"wizard.sin_minimo";"sin mínimo";"none";"sin mínimo";"races/new-step1";""
"wizard.sin_pole";"Sin pole";"No pole";"Sin pole";"races/new-step1";""
"wizard.step";"Paso";"Step";"Paso";"";""
"wizard.step1_title";"Nueva Carrera — Tipo";"New Race — Type";"Nueva Carrera — Tipo";"";""
"wizard.step2_title";"Nueva Carrera — Formato";"New Race — Format";"Nueva Carrera — Formato";"";""
"wizard.step3_seq_title";"Nueva Carrera — Secuencia de Carriles";"New Race — Lane Sequence";"Nueva Carrera — Secuencia de Carriles";"races/new-step3-sequence";""
"wizard.steps.confirm";"Confirmar";"Confirm";"Confirmar";"";""
"wizard.steps.format";"Formato";"Format";"Formato";"";""
"wizard.steps.participants";"Participantes";"Participants";"Participantes";"";""
"wizard.steps.sequence";"Secuencia";"Sequence";"Secuencia";"";""
"wizard.steps.type";"Tipo";"Type";"Tipo";"";""
"wizard.summary";"Resumen";"Summary";"Resumen";"";""
"wizard.summary_format";"Formato";"Format";"Formato";"races/confirm";""
"wizard.summary_lanes";"Carriles";"Lanes";"Carriles";"races/confirm";""
"wizard.summary_members";"Integrantes por equipo";"Members per team";"Integrantes por equipo";"";""
"wizard.summary_name";"Nombre";"Name";"Nombre";"races/confirm";""
"wizard.summary_type";"Tipo";"Type";"Tipo";"races/confirm";""
"wizard.team";"Por Equipos";"Team";"Por Equipos";"";""
"wizard.team_desc";"Cada carril tiene un equipo con varios integrantes";"Each lane has a team with multiple members";"Cada carril tiene un equipo con varios integrantes";"";""
"wizard.team_name";"Nombre del equipo";"Team name";"Nombre del equipo";"";""
"wizard.team_name_ph";"Ej: Scuderia Ferrari";"E.g.: Scuderia Ferrari";"Ej: Scuderia Ferrari";"races/new-step4 races/tanda-edit races/tanda-new";""
"wizard.veces_que_se_corre_la_rotacion_completa_de";"Veces que se corre la rotación completa de carriles.";"Times the full lane rotation is run.";"Veces que se corre la rotación completa de carriles.";"races/new-step1";""
